code_module,code_presentation,id_student,gender,region,highest_education,imd_band,age_band,num_of_prev_attempts,studied_credits,disability,final_result,date_registration,total_clicks_30,active_days_30,unique_resources_30,avg_clicks_per_active_day_30,assessments_submitted_30,avg_score_30,late_submissions_30,has_early_assessment,support_needed
BBB,2013J,23798,M,Wales,A Level or Equivalent,50-60%,0-35,0,60,N,Distinction,-27.0,146,11,15,13.272727272727273,1,90.0,0,1,0
BBB,2013J,27759,M,North Western Region,Lower Than A Level,40-50%,35-55,0,120,Y,Fail,-43.0,123,12,21,10.25,1,61.0,0,1,1
BBB,2013J,30091,F,South West Region,A Level or Equivalent,10-20,0-35,0,60,Y,Pass,-145.0,162,8,22,20.25,1,80.0,1,1,0
BBB,2013J,31014,F,West Midlands Region,Lower Than A Level,80-90%,35-55,0,120,N,Withdrawn,-43.0,311,22,10,14.136363636363637,1,85.0,0,1,1
BBB,2013J,31849,F,South West Region,Lower Than A Level,60-70%,35-55,0,120,N,Pass,-128.0,414,17,23,24.352941176470587,1,81.0,0,1,0
BBB,2013J,37622,F,Scotland,HE Qualification,80-90%,0-35,1,120,N,Pass,-46.0,63,3,5,21.0,1,70.0,0,1,0
BBB,2013J,38234,F,East Midlands Region,A Level or Equivalent,60-70%,0-35,0,60,N,Fail,-117.0,27,3,8,9.0,1,70.0,0,1,1
BBB,2013J,47855,F,Scotland,Lower Than A Level,10-20,35-55,3,300,N,Withdrawn,23.0,5,3,1,1.6666666666666667,0,,0,0,1
BBB,2013J,48040,F,East Midlands Region,A Level or Equivalent,20-30%,35-55,0,120,N,Pass,-92.0,273,23,24,11.869565217391305,1,60.0,0,1,0
BBB,2013J,48503,F,West Midlands Region,Lower Than A Level,10-20,0-35,0,60,N,Pass,-146.0,105,7,8,15.0,1,76.0,0,1,0
BBB,2013J,51301,F,Wales,Lower Than A Level,30-40%,0-35,2,60,Y,Withdrawn,-52.0,408,29,20,14.068965517241379,1,93.0,0,1,1
BBB,2013J,52797,F,South West Region,Lower Than A Level,30-40%,35-55,1,60,N,Pass,-54.0,244,13,19,18.76923076923077,1,87.0,0,1,0
BBB,2013J,52899,F,East Midlands Region,Lower Than A Level,50-60%,35-55,1,90,N,Pass,-124.0,390,20,65,19.5,1,73.0,0,1,0
BBB,2013J,55026,F,London Region,A Level or Equivalent,20-30%,35-55,0,60,Y,Pass,-88.0,112,11,9,10.181818181818182,1,59.0,0,1,0
BBB,2013J,56340,F,South Region,Lower Than A Level,20-30%,0-35,0,60,N,Fail,-120.0,4,1,2,4.0,0,,0,0,1
BBB,2013J,56789,F,South East Region,A Level or Equivalent,60-70%,35-55,1,60,N,Pass,-30.0,46,5,6,9.2,1,85.0,0,1,0
BBB,2013J,57079,F,London Region,Lower Than A Level,30-40%,35-55,0,60,N,Fail,-129.0,99,11,18,9.0,1,74.0,0,1,1
BBB,2013J,63044,F,London Region,Lower Than A Level,20-30%,0-35,1,120,N,Fail,-43.0,93,7,20,13.285714285714286,1,65.0,0,1,1
BBB,2013J,68556,F,South East Region,HE Qualification,70-80%,0-35,0,60,N,Fail,-23.0,38,7,10,5.428571428571429,1,75.0,0,1,1
BBB,2013J,73489,F,South Region,HE Qualification,80-90%,0-35,0,120,N,Pass,-11.0,438,20,20,21.9,1,63.0,0,1,0
BBB,2013J,74585,F,Wales,A Level or Equivalent,60-70%,35-55,0,60,N,Distinction,-39.0,714,24,17,29.75,1,81.0,0,1,0
BBB,2013J,78255,F,North Region,Lower Than A Level,0-10%,0-35,1,120,N,Withdrawn,-162.0,108,13,19,8.307692307692308,1,76.0,0,1,1
BBB,2013J,80717,F,South West Region,Lower Than A Level,60-70%,35-55,0,60,N,Distinction,-33.0,276,13,21,21.23076923076923,1,85.0,0,1,0
BBB,2013J,84812,F,East Anglian Region,A Level or Equivalent,80-90%,0-35,0,120,N,Pass,-75.0,93,10,18,9.3,1,90.0,0,1,0
BBB,2013J,86291,F,Wales,HE Qualification,50-60%,35-55,1,60,N,Fail,-32.0,17,1,3,17.0,1,76.0,0,1,1
BBB,2013J,90243,F,Wales,HE Qualification,70-80%,35-55,0,60,N,Pass,-18.0,486,17,27,28.58823529411765,1,51.0,0,1,0
BBB,2013J,96475,M,South East Region,Lower Than A Level,60-70%,0-35,0,180,N,Pass,-48.0,83,7,17,11.857142857142858,1,86.0,1,1,0
BBB,2013J,97567,F,Wales,HE Qualification,70-80%,35-55,0,60,N,Pass,-30.0,55,4,5,13.75,1,86.0,0,1,0
BBB,2013J,98268,F,Scotland,HE Qualification,70-80%,35-55,0,60,N,Pass,-25.0,114,6,11,19.0,1,85.0,0,1,0
BBB,2013J,98720,F,London Region,Lower Than A Level,20-30%,35-55,0,60,Y,Pass,-186.0,83,4,14,20.75,1,85.0,0,1,0
BBB,2013J,100282,F,Wales,Lower Than A Level,20-30%,0-35,1,120,N,Withdrawn,-54.0,35,3,7,11.666666666666666,1,78.0,0,1,1
BBB,2013J,105527,F,Scotland,HE Qualification,40-50%,35-55,0,120,N,Pass,-92.0,141,10,7,14.1,1,78.0,0,1,0
BBB,2013J,105851,F,West Midlands Region,A Level or Equivalent,20-30%,0-35,0,60,Y,Pass,-29.0,58,8,12,7.25,1,84.0,1,1,0
BBB,2013J,105883,F,North Western Region,A Level or Equivalent,0-10%,35-55,0,60,N,Pass,-29.0,615,17,28,36.1764705882353,1,75.0,0,1,0
BBB,2013J,106588,F,Scotland,A Level or Equivalent,60-70%,35-55,0,60,N,Distinction,-24.0,241,10,24,24.1,1,84.0,0,1,0
BBB,2013J,108118,F,South Region,A Level or Equivalent,90-100%,35-55,0,60,N,Pass,-32.0,104,7,16,14.857142857142858,1,96.0,0,1,0
BBB,2013J,108760,F,London Region,Lower Than A Level,30-40%,35-55,3,60,N,Fail,-102.0,209,10,7,20.9,1,80.0,0,1,1
BBB,2013J,109372,F,South West Region,Lower Than A Level,,0-35,0,60,N,Pass,-141.0,139,17,7,8.176470588235293,1,87.0,0,1,0
BBB,2013J,109782,F,Scotland,A Level or Equivalent,50-60%,0-35,0,60,N,Withdrawn,-26.0,50,8,14,6.25,1,82.0,0,1,1
BBB,2013J,111942,F,South West Region,A Level or Equivalent,70-80%,35-55,0,120,N,Pass,-128.0,296,13,26,22.76923076923077,1,77.0,0,1,0
BBB,2013J,119898,F,West Midlands Region,Lower Than A Level,30-40%,0-35,2,60,N,Pass,-195.0,28,4,7,7.0,1,80.0,1,1,0
BBB,2013J,123716,M,North Region,Lower Than A Level,10-20,0-35,0,90,N,Pass,-39.0,176,23,14,7.6521739130434785,1,78.0,0,1,0
BBB,2013J,124909,M,Yorkshire Region,Lower Than A Level,40-50%,35-55,0,60,N,Pass,-117.0,164,19,11,8.631578947368421,1,76.0,0,1,0
BBB,2013J,128386,M,South Region,Lower Than A Level,30-40%,35-55,0,60,N,Fail,-47.0,36,5,4,7.2,0,,0,0,1
BBB,2013J,128889,F,South Region,A Level or Equivalent,90-100%,35-55,1,120,N,Pass,-12.0,1788,24,29,74.5,1,74.0,0,1,0
BBB,2013J,131051,F,Scotland,Lower Than A Level,60-70%,0-35,3,60,N,Pass,-54.0,59,11,14,5.363636363636363,1,82.0,0,1,0
BBB,2013J,132626,F,South Region,A Level or Equivalent,20-30%,0-35,0,60,N,Withdrawn,-39.0,255,24,9,10.625,1,74.0,0,1,1
BBB,2013J,134563,F,Scotland,Lower Than A Level,20-30%,0-35,2,60,N,Pass,-46.0,1944,28,20,69.42857142857143,1,72.0,0,1,0
BBB,2013J,138289,F,East Midlands Region,Lower Than A Level,40-50%,0-35,0,60,N,Fail,-44.0,159,9,16,17.666666666666668,1,75.0,0,1,1
BBB,2013J,138920,F,Wales,Lower Than A Level,0-10%,0-35,1,60,N,Fail,-30.0,200,10,21,20.0,1,72.0,0,1,1
BBB,2013J,139549,F,Scotland,Lower Than A Level,40-50%,0-35,1,60,Y,Pass,-99.0,70,5,10,14.0,1,57.0,0,1,0
BBB,2013J,141949,F,East Anglian Region,Lower Than A Level,20-30%,0-35,1,60,N,Pass,-60.0,207,14,17,14.785714285714286,1,78.0,0,1,0
BBB,2013J,146165,F,Wales,A Level or Equivalent,40-50%,35-55,0,60,N,Pass,-37.0,33,1,16,33.0,1,63.0,0,1,0
BBB,2013J,146600,F,Ireland,Lower Than A Level,80-90%,0-35,0,120,N,Pass,-141.0,89,7,14,12.714285714285714,1,87.0,0,1,0
BBB,2013J,151800,F,Wales,Lower Than A Level,20-30%,0-35,0,60,N,Fail,-47.0,32,4,6,8.0,1,48.0,0,1,1
BBB,2013J,151917,F,West Midlands Region,A Level or Equivalent,10-20,0-35,3,60,N,Fail,-80.0,53,5,16,10.6,1,80.0,0,1,1
BBB,2013J,153704,F,West Midlands Region,Lower Than A Level,0-10%,0-35,2,60,N,Fail,-73.0,29,6,8,4.833333333333333,0,,0,0,1
BBB,2013J,154011,F,South East Region,A Level or Equivalent,30-40%,0-35,0,60,N,Pass,-29.0,23,3,5,7.666666666666667,1,76.0,0,1,0
BBB,2013J,154570,F,Scotland,Lower Than A Level,50-60%,35-55,1,60,N,Withdrawn,-64.0,4525,31,41,145.96774193548387,1,49.0,0,1,1
BBB,2013J,156311,F,London Region,A Level or Equivalent,80-90%,35-55,0,60,N,Pass,-23.0,78,6,14,13.0,1,79.0,0,1,0
BBB,2013J,156788,M,East Midlands Region,Lower Than A Level,30-40%,35-55,0,180,N,Withdrawn,-195.0,0,0,0,0.0,0,,0,0,1
BBB,2013J,157060,F,East Midlands Region,Lower Than A Level,30-40%,0-35,0,60,N,Pass,-29.0,34,3,10,11.333333333333334,1,74.0,0,1,0
BBB,2013J,157795,M,Yorkshire Region,Lower Than A Level,80-90%,35-55,1,60,N,Pass,-16.0,423,16,27,26.4375,1,74.0,0,1,0
BBB,2013J,161491,F,Scotland,A Level or Equivalent,30-40%,0-35,0,120,N,Distinction,-64.0,153,9,15,17.0,1,84.0,0,1,0
BBB,2013J,162646,F,Scotland,Lower Than A Level,0-10%,0-35,1,60,N,Fail,-25.0,0,0,0,0.0,0,,0,0,1
BBB,2013J,169213,F,London Region,A Level or Equivalent,30-40%,0-35,1,60,N,Pass,-195.0,45,5,8,9.0,1,57.0,0,1,0
BBB,2013J,174222,F,South West Region,Lower Than A Level,80-90%,0-35,0,60,N,Pass,-60.0,45,4,5,11.25,1,62.0,0,1,0
BBB,2013J,174440,F,Wales,Lower Than A Level,70-80%,0-35,0,60,N,Fail,-39.0,76,8,14,9.5,1,47.0,0,1,1
BBB,2013J,174487,F,South Region,Lower Than A Level,10-20,0-35,1,60,N,Pass,-109.0,103,11,14,9.363636363636363,1,54.0,0,1,0
BBB,2013J,178738,F,East Anglian Region,HE Qualification,70-80%,0-35,1,60,N,Fail,-37.0,108,7,10,15.428571428571429,1,63.0,0,1,1
BBB,2013J,178963,M,South West Region,A Level or Equivalent,70-80%,0-35,0,120,Y,Pass,-8.0,24,2,10,12.0,1,85.0,0,1,0
BBB,2013J,179254,F,South East Region,Lower Than A Level,30-40%,0-35,1,60,N,Fail,-61.0,15,2,9,7.5,1,67.0,0,1,1
BBB,2013J,182661,F,South Region,Lower Than A Level,40-50%,35-55,3,60,N,Pass,-31.0,0,0,0,0.0,0,,0,0,0
BBB,2013J,188026,F,Wales,HE Qualification,90-100%,0-35,1,120,N,Fail,-196.0,101,8,12,12.625,1,93.0,0,1,1
BBB,2013J,189095,F,Scotland,Lower Than A Level,50-60%,0-35,1,60,N,Fail,-29.0,398,16,24,24.875,1,85.0,0,1,1
BBB,2013J,191269,F,East Anglian Region,Lower Than A Level,30-40%,35-55,0,60,N,Pass,-29.0,222,10,20,22.2,1,74.0,0,1,0
BBB,2013J,193215,F,South East Region,A Level or Equivalent,30-40%,0-35,0,120,N,Fail,-114.0,139,11,12,12.636363636363637,1,79.0,0,1,1
BBB,2013J,195096,F,Wales,A Level or Equivalent,10-20,0-35,0,60,N,Pass,-37.0,0,0,0,0.0,1,70.0,0,1,0
BBB,2013J,195938,F,West Midlands Region,A Level or Equivalent,40-50%,0-35,1,60,N,Distinction,-37.0,78,6,13,13.0,1,83.0,0,1,0
BBB,2013J,197240,F,Yorkshire Region,A Level or Equivalent,30-40%,0-35,1,150,N,Pass,-39.0,84,11,9,7.636363636363637,1,83.0,0,1,0
BBB,2013J,197412,F,North Western Region,A Level or Equivalent,10-20,0-35,0,60,N,Pass,-103.0,234,7,12,33.42857142857143,1,90.0,0,1,0
BBB,2013J,197759,F,South East Region,A Level or Equivalent,80-90%,35-55,0,60,N,Pass,-141.0,213,21,15,10.142857142857142,1,87.0,0,1,0
BBB,2013J,198339,F,South Region,Lower Than A Level,30-40%,35-55,1,60,Y,Withdrawn,-86.0,66,7,13,9.428571428571429,1,80.0,0,1,1
BBB,2013J,199029,F,South Region,No Formal quals,90-100%,0-35,0,60,N,Distinction,-17.0,66,4,12,16.5,1,74.0,0,1,0
BBB,2013J,199663,M,London Region,Post Graduate Qualification,30-40%,35-55,0,60,N,Pass,-18.0,4,2,1,2.0,1,58.0,0,1,0
BBB,2013J,202879,F,East Anglian Region,Lower Than A Level,30-40%,0-35,1,60,N,Fail,-61.0,99,10,14,9.9,1,64.0,1,1,1
BBB,2013J,203640,M,Yorkshire Region,Lower Than A Level,70-80%,0-35,0,60,N,Pass,-107.0,11,4,3,2.75,1,63.0,0,1,0
BBB,2013J,205788,F,East Anglian Region,Lower Than A Level,40-50%,35-55,0,120,Y,Pass,-195.0,150,14,28,10.714285714285714,1,71.0,0,1,0
BBB,2013J,227416,M,South East Region,A Level or Equivalent,30-40%,0-35,0,60,N,Fail,-53.0,0,0,0,0.0,1,66.0,0,1,1
BBB,2013J,230081,F,East Midlands Region,A Level or Equivalent,30-40%,0-35,0,120,N,Pass,-57.0,58,8,10,7.25,1,70.0,0,1,0
BBB,2013J,231959,F,North Region,Lower Than A Level,20-30%,35-55,1,180,N,Withdrawn,-50.0,118,12,17,9.833333333333334,1,61.0,0,1,1
BBB,2013J,233317,F,Yorkshire Region,HE Qualification,60-70%,0-35,1,60,N,Pass,-23.0,306,15,25,20.4,1,69.0,0,1,0
BBB,2013J,233752,F,North Western Region,Lower Than A Level,60-70%,35-55,0,60,N,Pass,-64.0,849,28,11,30.321428571428573,1,75.0,0,1,0
BBB,2013J,233957,F,South Region,A Level or Equivalent,80-90%,0-35,0,60,N,Fail,-142.0,6,2,3,3.0,1,83.0,1,1,1
BBB,2013J,234929,F,Wales,HE Qualification,80-90%,0-35,1,60,N,Fail,-17.0,12,3,6,4.0,1,76.0,1,1,1
BBB,2013J,240993,F,East Midlands Region,A Level or Equivalent,30-40%,35-55,0,60,Y,Pass,-196.0,132,18,11,7.333333333333333,1,87.0,0,1,0
BBB,2013J,241338,F,South West Region,Lower Than A Level,60-70%,35-55,0,120,N,Fail,-39.0,32,5,9,6.4,1,87.0,0,1,1
BBB,2013J,242149,F,North Western Region,Lower Than A Level,0-10%,0-35,1,120,N,Fail,9.0,15,1,3,15.0,0,,0,0,1
BBB,2013J,242893,F,Yorkshire Region,No Formal quals,30-40%,0-35,1,60,N,Withdrawn,-68.0,204,5,12,40.8,1,64.0,0,1,1
BBB,2013J,243851,F,East Midlands Region,A Level or Equivalent,0-10%,0-35,0,60,Y,Pass,-120.0,279,28,9,9.964285714285714,1,89.0,0,1,0
BBB,2013J,243909,F,South West Region,Lower Than A Level,80-90%,0-35,0,60,N,Fail,-32.0,17,6,5,2.8333333333333335,1,64.0,0,1,1
BBB,2013J,243992,F,South Region,HE Qualification,80-90%,35-55,0,60,N,Pass,-38.0,76,11,6,6.909090909090909,1,72.0,0,1,0
BBB,2013J,245987,F,South Region,A Level or Equivalent,80-90%,35-55,1,60,Y,Pass,-38.0,26,2,9,13.0,1,65.0,0,1,0
BBB,2013J,247902,F,West Midlands Region,Lower Than A Level,20-30%,0-35,2,120,N,Pass,-143.0,142,16,20,8.875,1,61.0,0,1,0
BBB,2013J,248653,M,London Region,A Level or Equivalent,40-50%,0-35,0,120,N,Distinction,-18.0,81,6,11,13.5,1,90.0,0,1,0
BBB,2013J,248716,F,North Region,HE Qualification,80-90%,35-55,0,60,N,Pass,-45.0,75,8,15,9.375,1,59.0,1,1,0
BBB,2013J,248800,F,West Midlands Region,Lower Than A Level,0-10%,0-35,2,60,Y,Withdrawn,-150.0,92,9,13,10.222222222222221,1,70.0,0,1,1
BBB,2013J,251815,F,Wales,Lower Than A Level,10-20,35-55,1,90,Y,Fail,-26.0,0,0,0,0.0,0,,0,0,1
BBB,2013J,252257,F,East Midlands Region,A Level or Equivalent,10-20,35-55,0,60,N,Pass,-19.0,57,2,14,28.5,1,57.0,0,1,0
BBB,2013J,252652,F,London Region,A Level or Equivalent,50-60%,35-55,1,120,N,Withdrawn,-61.0,38,6,9,6.333333333333333,1,75.0,0,1,1
BBB,2013J,253577,F,Scotland,HE Qualification,20-30%,0-35,0,60,N,Pass,-65.0,557,20,20,27.85,1,76.0,0,1,0
BBB,2013J,256998,F,East Midlands Region,Lower Than A Level,0-10%,0-35,1,60,N,Pass,-130.0,127,8,13,15.875,1,49.0,0,1,0
BBB,2013J,258035,F,North Western Region,HE Qualification,80-90%,35-55,0,60,N,Distinction,-52.0,202,10,18,20.2,1,85.0,0,1,0
BBB,2013J,260179,F,Scotland,Lower Than A Level,30-40%,0-35,1,60,N,Pass,-67.0,8,3,4,2.6666666666666665,1,83.0,0,1,0
BBB,2013J,261332,M,North Western Region,Lower Than A Level,50-60%,35-55,0,60,Y,Fail,-47.0,109,9,22,12.11111111111111,1,80.0,1,1,1
BBB,2013J,261466,F,London Region,A Level or Equivalent,30-40%,35-55,0,60,N,Pass,-127.0,347,7,16,49.57142857142857,1,75.0,0,1,0
BBB,2013J,262639,F,London Region,Lower Than A Level,10-20,0-35,0,60,N,Pass,-117.0,139,10,17,13.9,1,75.0,0,1,0
BBB,2013J,264152,F,Wales,A Level or Equivalent,30-40%,0-35,1,120,N,Pass,-58.0,478,22,13,21.727272727272727,1,87.0,0,1,0
BBB,2013J,264744,F,West Midlands Region,A Level or Equivalent,90-100%,0-35,0,120,N,Pass,-27.0,81,8,11,10.125,1,73.0,0,1,0
BBB,2013J,265170,F,Wales,A Level or Equivalent,40-50%,0-35,0,60,N,Fail,-46.0,396,19,22,20.842105263157894,1,83.0,0,1,1
BBB,2013J,266331,F,Scotland,A Level or Equivalent,90-100%,0-35,0,90,N,Distinction,-54.0,216,16,11,13.5,1,85.0,0,1,0
BBB,2013J,266564,F,South Region,A Level or Equivalent,80-90%,35-55,0,120,N,Pass,-67.0,24,3,7,8.0,1,77.0,0,1,0
BBB,2013J,266744,F,South West Region,A Level or Equivalent,30-40%,0-35,0,240,N,Withdrawn,-31.0,162,13,15,12.461538461538462,1,82.0,0,1,1
BBB,2013J,268589,F,London Region,A Level or Equivalent,10-20,35-55,0,90,Y,Pass,-103.0,1197,24,44,49.875,1,63.0,0,1,0
BBB,2013J,269082,F,South East Region,HE Qualification,90-100%,0-35,2,60,N,Distinction,-44.0,252,15,16,16.8,1,100.0,0,1,0
BBB,2013J,269204,F,South Region,Lower Than A Level,90-100%,35-55,0,60,N,Pass,-29.0,155,7,40,22.142857142857142,1,88.0,0,1,0
BBB,2013J,270646,F,East Anglian Region,Lower Than A Level,90-100%,0-35,0,90,N,Pass,-72.0,11,4,3,2.75,1,63.0,0,1,0
BBB,2013J,272172,F,North Western Region,A Level or Equivalent,0-10%,0-35,1,60,N,Fail,-81.0,159,17,16,9.352941176470589,1,63.0,0,1,1
BBB,2013J,272617,F,East Midlands Region,Lower Than A Level,20-30%,0-35,2,60,Y,Withdrawn,-39.0,7,3,2,2.3333333333333335,1,58.0,0,1,1
BBB,2013J,274247,F,South Region,Lower Than A Level,0-10%,0-35,1,60,Y,Fail,-38.0,0,0,0,0.0,1,83.0,0,1,1
BBB,2013J,274971,F,Ireland,Lower Than A Level,80-90%,35-55,0,75,N,Pass,-24.0,74,6,17,12.333333333333334,1,80.0,0,1,0
BBB,2013J,276925,F,Wales,A Level or Equivalent,70-80%,35-55,0,60,N,Withdrawn,-96.0,90,8,17,11.25,1,71.0,0,1,1
BBB,2013J,277537,M,North Western Region,Lower Than A Level,30-40%,35-55,0,60,N,Fail,-26.0,141,10,7,14.1,1,75.0,0,1,1
BBB,2013J,277812,F,South East Region,HE Qualification,90-100%,35-55,0,60,N,Distinction,-142.0,97,13,8,7.461538461538462,1,87.0,0,1,0
BBB,2013J,278272,M,East Anglian Region,HE Qualification,20-30%,35-55,1,120,N,Fail,-54.0,100,12,19,8.333333333333334,1,59.0,0,1,1
BBB,2013J,278794,F,South West Region,A Level or Equivalent,20-30%,0-35,1,60,Y,Pass,-185.0,207,22,6,9.409090909090908,0,,0,0,0
BBB,2013J,280140,F,Scotland,Lower Than A Level,40-50%,0-35,2,60,Y,Fail,-60.0,69,3,19,23.0,1,50.0,1,1,1
BBB,2013J,280151,F,London Region,A Level or Equivalent,10-20,0-35,0,210,Y,Fail,-25.0,27,4,6,6.75,1,68.0,0,1,1
BBB,2013J,282038,F,North Western Region,Lower Than A Level,70-80%,0-35,0,120,N,Withdrawn,-43.0,26,4,3,6.5,1,65.0,0,1,1
BBB,2013J,282785,F,Ireland,Lower Than A Level,50-60%,0-35,1,60,N,Withdrawn,-47.0,5,1,3,5.0,1,61.0,0,1,1
BBB,2013J,284906,F,East Midlands Region,A Level or Equivalent,70-80%,0-35,2,60,N,Pass,-192.0,27,3,5,9.0,1,82.0,0,1,0
BBB,2013J,285050,M,North Western Region,HE Qualification,0-10%,0-35,1,180,N,Fail,-4.0,103,22,7,4.681818181818182,1,71.0,1,1,1
BBB,2013J,286402,F,Yorkshire Region,A Level or Equivalent,70-80%,35-55,0,60,N,Distinction,-85.0,418,24,29,17.416666666666668,1,79.0,0,1,0
BBB,2013J,286690,F,Wales,Lower Than A Level,70-80%,0-35,2,60,N,Fail,-44.0,39,1,8,39.0,1,73.0,0,1,1
BBB,2013J,287107,F,North Western Region,A Level or Equivalent,0-10%,35-55,0,60,N,Distinction,-103.0,550,16,23,34.375,1,78.0,0,1,0
BBB,2013J,287309,F,South West Region,Lower Than A Level,40-50%,0-35,2,120,N,Pass,-153.0,73,9,11,8.11111111111111,1,56.0,0,1,0
BBB,2013J,287679,F,Wales,A Level or Equivalent,60-70%,35-55,0,60,N,Pass,-45.0,411,16,26,25.6875,1,67.0,0,1,0
BBB,2013J,289753,F,West Midlands Region,A Level or Equivalent,20-30%,0-35,0,210,Y,Withdrawn,-16.0,200,17,20,11.764705882352942,1,55.0,0,1,1
BBB,2013J,289965,F,Wales,A Level or Equivalent,0-10%,0-35,1,60,N,Fail,-64.0,64,6,11,10.666666666666666,1,95.0,0,1,1
BBB,2013J,290089,M,London Region,Lower Than A Level,40-50%,0-35,0,120,N,Distinction,-115.0,201,13,15,15.461538461538462,1,65.0,0,1,0
BBB,2013J,291544,F,South East Region,Lower Than A Level,80-90%,0-35,0,60,Y,Distinction,-144.0,77,6,10,12.833333333333334,1,85.0,0,1,0
BBB,2013J,292537,F,South Region,Lower Than A Level,50-60%,0-35,0,60,N,Pass,-17.0,13,4,4,3.25,1,78.0,1,1,0
BBB,2013J,293712,F,East Midlands Region,A Level or Equivalent,40-50%,0-35,0,60,N,Distinction,-38.0,130,10,10,13.0,1,84.0,0,1,0
BBB,2013J,293754,M,North Region,Lower Than A Level,,35-55,0,60,N,Distinction,-61.0,257,19,25,13.526315789473685,1,78.0,0,1,0
BBB,2013J,293760,F,Ireland,Lower Than A Level,30-40%,0-35,1,120,N,Pass,5.0,31,3,5,10.333333333333334,1,56.0,0,1,0
BBB,2013J,301583,F,Yorkshire Region,A Level or Equivalent,0-10%,0-35,1,60,N,Fail,-31.0,219,15,7,14.6,1,72.0,0,1,1
BBB,2013J,301987,F,South Region,A Level or Equivalent,20-30%,0-35,0,60,N,Pass,-60.0,117,14,9,8.357142857142858,1,95.0,0,1,0
BBB,2013J,303331,F,East Anglian Region,Lower Than A Level,10-20,0-35,3,60,N,Withdrawn,-163.0,272,20,21,13.6,1,71.0,0,1,1
BBB,2013J,303617,F,Wales,Lower Than A Level,0-10%,0-35,0,60,N,Fail,-110.0,173,13,25,13.307692307692308,1,75.0,0,1,1
BBB,2013J,304069,F,South East Region,A Level or Equivalent,70-80%,35-55,0,90,N,Withdrawn,-94.0,57,8,12,7.125,1,53.0,0,1,1
BBB,2013J,305173,M,Wales,Lower Than A Level,10-20,0-35,2,60,N,Fail,-38.0,41,2,17,20.5,1,50.0,0,1,1
BBB,2013J,305812,F,East Anglian Region,Lower Than A Level,50-60%,0-35,1,60,N,Withdrawn,-23.0,97,3,11,32.333333333333336,0,,0,0,1
BBB,2013J,305935,F,South East Region,HE Qualification,80-90%,0-35,1,180,N,Fail,-114.0,0,0,0,0.0,0,,0,0,1
BBB,2013J,306964,F,Scotland,Lower Than A Level,20-30%,0-35,0,60,Y,Pass,-12.0,122,11,21,11.090909090909092,1,48.0,0,1,0
BBB,2013J,307193,M,Wales,Lower Than A Level,10-20,35-55,0,60,N,Fail,-29.0,0,0,0,0.0,0,,0,0,1
BBB,2013J,307230,F,Wales,Lower Than A Level,60-70%,0-35,0,60,N,Withdrawn,-44.0,146,7,16,20.857142857142858,1,79.0,0,1,1
BBB,2013J,308359,F,East Midlands Region,Lower Than A Level,80-90%,0-35,1,60,N,Withdrawn,-67.0,22,3,8,7.333333333333333,0,,0,0,1
BBB,2013J,308509,F,Yorkshire Region,Lower Than A Level,10-20,0-35,0,120,N,Fail,-130.0,38,5,9,7.6,0,,0,0,1
BBB,2013J,308703,F,Wales,HE Qualification,50-60%,0-35,0,60,N,Withdrawn,-44.0,150,9,18,16.666666666666668,1,77.0,0,1,1
BBB,2013J,308852,F,South West Region,A Level or Equivalent,40-50%,0-35,0,60,N,Withdrawn,-17.0,0,0,0,0.0,1,55.0,0,1,1
BBB,2013J,310125,F,East Anglian Region,Lower Than A Level,40-50%,35-55,0,60,N,Withdrawn,-32.0,96,2,18,48.0,1,74.0,0,1,1
BBB,2013J,310933,F,Wales,Lower Than A Level,50-60%,0-35,1,60,N,Pass,-88.0,100,8,12,12.5,1,70.0,0,1,0
BBB,2013J,314850,F,South East Region,A Level or Equivalent,70-80%,35-55,1,120,N,Withdrawn,-180.0,180,10,23,18.0,1,75.0,0,1,1
BBB,2013J,315105,M,East Anglian Region,A Level or Equivalent,20-30%,35-55,2,60,N,Distinction,-87.0,76,7,16,10.857142857142858,1,80.0,0,1,0
BBB,2013J,316076,F,South West Region,A Level or Equivalent,70-80%,35-55,0,60,Y,Pass,-54.0,108,10,13,10.8,1,88.0,0,1,0
BBB,2013J,318848,F,South East Region,Lower Than A Level,70-80%,35-55,0,60,N,Pass,-28.0,65,7,14,9.285714285714286,1,78.0,0,1,0
BBB,2013J,319618,F,East Anglian Region,A Level or Equivalent,40-50%,0-35,1,60,N,Pass,-31.0,93,7,11,13.285714285714286,1,95.0,0,1,0
BBB,2013J,320051,F,East Anglian Region,Lower Than A Level,20-30%,0-35,0,120,N,Pass,-32.0,0,0,0,0.0,1,80.0,0,1,0
BBB,2013J,320757,M,Scotland,Lower Than A Level,90-100%,0-35,1,60,N,Pass,-81.0,235,19,12,12.368421052631579,1,69.0,0,1,0
BBB,2013J,323090,F,South Region,HE Qualification,60-70%,0-35,0,60,N,Pass,-29.0,45,7,6,6.428571428571429,2,80.5,0,1,0
BBB,2013J,323606,F,South Region,A Level or Equivalent,10-20,35-55,0,120,N,Pass,-73.0,102,9,18,11.333333333333334,1,72.0,0,1,0
BBB,2013J,324236,F,Wales,Lower Than A Level,60-70%,35-55,1,120,N,Withdrawn,-73.0,132,25,9,5.28,1,74.0,0,1,1
BBB,2013J,324319,F,Scotland,Lower Than A Level,10-20,35-55,3,60,N,Withdrawn,-29.0,27,7,5,3.857142857142857,0,,0,0,1
BBB,2013J,324614,F,North Western Region,Lower Than A Level,10-20,0-35,2,120,N,Withdrawn,-38.0,54,5,13,10.8,1,52.0,0,1,1
BBB,2013J,325887,M,South East Region,Lower Than A Level,70-80%,0-35,0,60,Y,Pass,-45.0,212,18,10,11.777777777777779,1,90.0,0,1,0
BBB,2013J,329030,M,East Anglian Region,HE Qualification,70-80%,0-35,1,60,N,Fail,-71.0,12,3,4,4.0,1,84.0,0,1,1
BBB,2013J,329192,F,South West Region,HE Qualification,50-60%,35-55,0,90,N,Distinction,-44.0,93,14,4,6.642857142857143,1,82.0,0,1,0
BBB,2013J,333117,F,Ireland,A Level or Equivalent,20-30%,0-35,0,90,N,Withdrawn,-179.0,124,15,14,8.266666666666667,1,81.0,0,1,1
BBB,2013J,333651,F,East Anglian Region,A Level or Equivalent,50-60%,35-55,0,60,N,Withdrawn,-58.0,268,10,18,26.8,1,73.0,0,1,1
BBB,2013J,335136,F,Scotland,HE Qualification,20-30%,35-55,0,60,N,Fail,-52.0,353,25,40,14.12,1,77.0,0,1,1
BBB,2013J,335481,F,South East Region,HE Qualification,90-100%,35-55,3,60,N,Fail,-32.0,18,3,4,6.0,1,63.0,0,1,1
BBB,2013J,336478,F,Yorkshire Region,Lower Than A Level,30-40%,0-35,0,60,N,Pass,-110.0,112,12,14,9.333333333333334,1,79.0,0,1,0
BBB,2013J,336646,F,South West Region,Lower Than A Level,30-40%,0-35,0,120,N,Fail,-67.0,30,6,7,5.0,1,60.0,0,1,1
BBB,2013J,337151,F,London Region,A Level or Equivalent,70-80%,0-35,0,60,N,Pass,-58.0,104,8,14,13.0,1,62.0,0,1,0
BBB,2013J,338741,F,East Anglian Region,A Level or Equivalent,50-60%,0-35,0,120,N,Pass,-144.0,5,2,2,2.5,1,56.0,0,1,0
BBB,2013J,339494,M,South East Region,A Level or Equivalent,0-10%,0-35,0,60,N,Pass,-123.0,129,5,20,25.8,1,83.0,0,1,0
BBB,2013J,339608,F,East Anglian Region,A Level or Equivalent,70-80%,35-55,1,60,N,Pass,-134.0,16,3,4,5.333333333333333,1,54.0,0,1,0
BBB,2013J,340911,F,Ireland,A Level or Equivalent,10-20,0-35,0,120,N,Pass,-31.0,11,3,4,3.6666666666666665,1,50.0,1,1,0
BBB,2013J,340965,F,South East Region,HE Qualification,30-40%,0-35,0,60,N,Pass,-67.0,111,8,23,13.875,1,62.0,0,1,0
BBB,2013J,342685,F,Scotland,A Level or Equivalent,30-40%,0-35,0,60,Y,Pass,-32.0,84,8,10,10.5,1,76.0,1,1,0
BBB,2013J,344568,F,West Midlands Region,Lower Than A Level,70-80%,0-35,0,60,N,Pass,-172.0,207,14,14,14.785714285714286,1,70.0,0,1,0
BBB,2013J,345083,F,South Region,A Level or Equivalent,70-80%,35-55,0,60,Y,Withdrawn,-184.0,960,19,25,50.526315789473685,1,84.0,0,1,1
BBB,2013J,345128,F,East Anglian Region,A Level or Equivalent,80-90%,0-35,2,90,N,Fail,-37.0,303,20,12,15.15,1,44.0,1,1,1
BBB,2013J,349554,F,Scotland,HE Qualification,80-90%,35-55,0,60,N,Pass,-38.0,147,17,19,8.647058823529411,1,85.0,0,1,0
BBB,2013J,349675,F,Scotland,HE Qualification,30-40%,35-55,1,60,N,Fail,-32.0,8,4,3,2.0,1,53.0,0,1,1
BBB,2013J,352112,F,South East Region,A Level or Equivalent,20-30%,0-35,0,60,N,Pass,-116.0,41,4,14,10.25,1,51.0,0,1,0
BBB,2013J,352339,F,Yorkshire Region,Lower Than A Level,0-10%,0-35,0,90,Y,Withdrawn,-44.0,19,3,7,6.333333333333333,0,,0,0,1
BBB,2013J,352688,F,South Region,A Level or Equivalent,70-80%,0-35,0,210,N,Pass,-54.0,114,10,23,11.4,1,85.0,0,1,0
BBB,2013J,354779,F,South East Region,A Level or Equivalent,80-90%,0-35,1,60,N,Pass,-47.0,35,4,8,8.75,1,90.0,0,1,0
BBB,2013J,355591,F,North Western Region,Lower Than A Level,30-40%,35-55,1,210,Y,Withdrawn,-176.0,0,0,0,0.0,0,,0,0,1
BBB,2013J,358289,M,East Anglian Region,Lower Than A Level,10-20,0-35,0,180,Y,Withdrawn,-36.0,0,0,0,0.0,0,,0,0,1
BBB,2013J,360876,F,Wales,A Level or Equivalent,80-90%,35-55,1,60,N,Fail,-17.0,24,2,9,12.0,1,45.0,0,1,1
BBB,2013J,364073,F,South West Region,HE Qualification,20-30%,0-35,1,120,N,Distinction,-37.0,42,6,5,7.0,1,78.0,0,1,0
BBB,2013J,364666,F,Scotland,Lower Than A Level,50-60%,0-35,2,60,N,Fail,-64.0,9,2,4,4.5,1,55.0,1,1,1
BBB,2013J,364871,F,South West Region,A Level or Equivalent,50-60%,0-35,0,60,N,Pass,-45.0,189,11,15,17.181818181818183,1,60.0,0,1,0
BBB,2013J,365060,F,North Western Region,Lower Than A Level,10-20,0-35,2,120,N,Withdrawn,-114.0,143,5,25,28.6,1,49.0,0,1,1
BBB,2013J,365169,F,South East Region,Lower Than A Level,80-90%,0-35,0,60,N,Pass,-31.0,326,20,19,16.3,1,83.0,0,1,0
BBB,2013J,365631,F,South East Region,A Level or Equivalent,90-100%,0-35,0,165,N,Pass,-25.0,333,18,16,18.5,1,78.0,0,1,0
BBB,2013J,366524,F,South Region,A Level or Equivalent,30-40%,0-35,0,60,N,Pass,-72.0,42,7,8,6.0,1,86.0,0,1,0
BBB,2013J,367433,F,North Region,Lower Than A Level,40-50%,0-35,0,60,N,Pass,-32.0,87,6,17,14.5,1,90.0,0,1,0
BBB,2013J,368077,F,Wales,Lower Than A Level,20-30%,0-35,1,60,N,Pass,-52.0,428,22,12,19.454545454545453,1,78.0,0,1,0
BBB,2013J,369986,F,Wales,HE Qualification,90-100%,35-55,2,120,N,Pass,-45.0,13,2,6,6.5,1,75.0,1,1,0
BBB,2013J,370307,F,North Western Region,A Level or Equivalent,20-30%,0-35,0,150,Y,Withdrawn,-51.0,244,10,35,24.4,1,63.0,0,1,1
BBB,2013J,370859,F,Yorkshire Region,A Level or Equivalent,20-30%,0-35,0,180,N,Pass,-173.0,109,10,19,10.9,1,85.0,0,1,0
BBB,2013J,371530,F,South West Region,A Level or Equivalent,70-80%,0-35,1,120,N,Distinction,-47.0,29,3,9,9.666666666666666,0,,0,0,0
BBB,2013J,371888,F,East Midlands Region,Lower Than A Level,20-30%,0-35,0,60,N,Withdrawn,-46.0,45,2,13,22.5,1,65.0,0,1,1
BBB,2013J,372172,F,East Midlands Region,Lower Than A Level,20-30%,0-35,0,60,N,Fail,-27.0,18,3,5,6.0,1,77.0,0,1,1
BBB,2013J,372658,F,East Anglian Region,Lower Than A Level,90-100%,0-35,1,90,N,Pass,-66.0,14,4,3,3.5,1,59.0,0,1,0
BBB,2013J,373174,F,West Midlands Region,A Level or Equivalent,0-10%,0-35,1,60,N,Fail,-29.0,186,7,27,26.571428571428573,1,67.0,0,1,1
BBB,2013J,373269,F,Yorkshire Region,A Level or Equivalent,10-20,0-35,1,90,N,Fail,-183.0,169,5,26,33.8,1,70.0,0,1,1
BBB,2013J,373807,F,East Anglian Region,Lower Than A Level,20-30%,0-35,1,60,N,Fail,-144.0,927,26,22,35.65384615384615,1,83.0,0,1,1
BBB,2013J,373848,F,South West Region,Lower Than A Level,50-60%,35-55,0,60,N,Pass,-62.0,61,8,10,7.625,1,70.0,0,1,0
BBB,2013J,374038,F,West Midlands Region,Lower Than A Level,10-20,35-55,0,60,N,Fail,-54.0,46,12,11,3.8333333333333335,1,60.0,0,1,1
BBB,2013J,375960,F,North Region,A Level or Equivalent,10-20,0-35,0,90,N,Pass,-171.0,9,2,5,4.5,1,73.0,1,1,0
BBB,2013J,378721,F,Wales,Lower Than A Level,10-20,35-55,1,60,N,Withdrawn,-79.0,22,4,3,5.5,1,69.0,0,1,1
BBB,2013J,379210,M,London Region,A Level or Equivalent,0-10%,0-35,0,60,N,Fail,-61.0,110,7,19,15.714285714285714,1,86.0,1,1,1
BBB,2013J,379983,F,Wales,A Level or Equivalent,0-10%,0-35,1,60,N,Fail,-49.0,29,1,7,29.0,0,,0,0,1
BBB,2013J,380205,F,East Anglian Region,Lower Than A Level,30-40%,0-35,2,60,N,Fail,-28.0,23,3,2,7.666666666666667,1,50.0,0,1,1
BBB,2013J,380240,F,Wales,A Level or Equivalent,0-10%,0-35,0,180,N,Fail,-75.0,290,30,13,9.666666666666666,1,75.0,0,1,1
BBB,2013J,381541,F,Yorkshire Region,Lower Than A Level,0-10%,0-35,0,120,N,Pass,-107.0,157,18,14,8.722222222222221,1,79.0,0,1,0
BBB,2013J,381669,F,Scotland,HE Qualification,60-70%,0-35,0,60,N,Pass,-89.0,37,8,9,4.625,1,90.0,0,1,0
BBB,2013J,382575,M,East Anglian Region,A Level or Equivalent,30-40%,0-35,0,60,N,Fail,-38.0,157,11,11,14.272727272727273,1,55.0,0,1,1
BBB,2013J,382920,F,East Anglian Region,Lower Than A Level,50-60%,0-35,0,60,N,Pass,-15.0,230,19,13,12.105263157894736,1,73.0,0,1,0
BBB,2013J,382979,F,South Region,A Level or Equivalent,80-90%,35-55,0,90,N,Distinction,-66.0,436,29,10,15.03448275862069,1,87.0,0,1,0
BBB,2013J,383303,F,London Region,A Level or Equivalent,20-30%,35-55,1,60,N,Fail,-17.0,128,5,18,25.6,1,72.0,0,1,1
BBB,2013J,383571,F,East Midlands Region,A Level or Equivalent,40-50%,0-35,0,120,N,Distinction,-49.0,95,10,18,9.5,1,71.0,0,1,0
BBB,2013J,385040,F,West Midlands Region,A Level or Equivalent,40-50%,0-35,0,120,Y,Fail,-108.0,39,4,9,9.75,1,69.0,0,1,1
BBB,2013J,385820,F,London Region,Lower Than A Level,10-20,35-55,0,120,Y,Pass,-37.0,157,11,17,14.272727272727273,1,74.0,0,1,0
BBB,2013J,386889,F,South Region,A Level or Equivalent,80-90%,0-35,0,60,Y,Pass,-125.0,26,6,11,4.333333333333333,1,80.0,0,1,0
BBB,2013J,387700,F,Ireland,A Level or Equivalent,20-30%,35-55,0,60,N,Fail,-194.0,56,5,18,11.2,1,75.0,0,1,1
BBB,2013J,388052,F,South East Region,Lower Than A Level,60-70%,0-35,0,60,Y,Pass,-45.0,26,2,9,13.0,0,,0,0,0
BBB,2013J,388432,F,Wales,Lower Than A Level,30-40%,0-35,1,70,N,Fail,-52.0,108,15,15,7.2,1,87.0,0,1,1
BBB,2013J,388549,F,Wales,A Level or Equivalent,0-10%,0-35,2,60,N,Fail,-29.0,121,5,12,24.2,1,75.0,0,1,1
BBB,2013J,388975,F,South East Region,A Level or Equivalent,80-90%,0-35,0,120,N,Fail,-93.0,156,14,14,11.142857142857142,1,51.0,0,1,1
BBB,2013J,389101,F,South Region,A Level or Equivalent,80-90%,0-35,0,60,N,Distinction,-28.0,350,11,19,31.818181818181817,1,76.0,0,1,0
BBB,2013J,389471,F,East Midlands Region,Lower Than A Level,10-20,0-35,2,60,Y,Fail,-36.0,102,10,15,10.2,1,50.0,0,1,1
BBB,2013J,390958,F,Wales,A Level or Equivalent,50-60%,0-35,0,60,N,Pass,-36.0,22,3,7,7.333333333333333,1,83.0,0,1,0
BBB,2013J,392060,F,Scotland,A Level or Equivalent,20-30%,0-35,0,60,Y,Distinction,-38.0,280,15,18,18.666666666666668,1,80.0,0,1,0
BBB,2013J,392281,F,North Region,A Level or Equivalent,10-20,0-35,1,60,N,Fail,-37.0,116,12,15,9.666666666666666,1,85.0,1,1,1
BBB,2013J,393327,F,East Midlands Region,A Level or Equivalent,90-100%,0-35,3,60,Y,Pass,-179.0,137,17,14,8.058823529411764,1,71.0,0,1,0
BBB,2013J,395073,F,West Midlands Region,Lower Than A Level,0-10%,0-35,1,60,Y,Fail,-158.0,26,4,7,6.5,0,,0,0,1
BBB,2013J,395715,F,East Anglian Region,A Level or Equivalent,30-40%,35-55,0,120,N,Withdrawn,-195.0,170,21,18,8.095238095238095,1,90.0,0,1,1
BBB,2013J,396114,F,Wales,A Level or Equivalent,30-40%,0-35,0,120,N,Distinction,-107.0,582,20,22,29.1,1,74.0,0,1,0
BBB,2013J,397590,F,London Region,A Level or Equivalent,20-30%,0-35,0,60,Y,Fail,-150.0,0,0,0,0.0,0,,0,0,1
BBB,2013J,398067,F,London Region,A Level or Equivalent,40-50%,0-35,0,60,N,Distinction,-79.0,47,10,8,4.7,1,63.0,0,1,0
BBB,2013J,398315,F,South East Region,HE Qualification,10-20,0-35,1,120,N,Fail,-145.0,0,0,0,0.0,0,,0,0,1
BBB,2013J,398525,F,London Region,A Level or Equivalent,0-10%,0-35,2,60,N,Distinction,-23.0,40,7,12,5.714285714285714,1,85.0,0,1,0
BBB,2013J,398891,M,West Midlands Region,A Level or Equivalent,60-70%,0-35,2,60,N,Pass,-132.0,30,4,10,7.5,1,82.0,0,1,0
BBB,2013J,398956,F,Wales,Lower Than A Level,80-90%,0-35,0,120,N,Fail,-30.0,19,4,8,4.75,1,40.0,0,1,1
BBB,2013J,402993,F,East Midlands Region,A Level or Equivalent,0-10%,0-35,0,60,N,Pass,-149.0,282,16,10,17.625,1,80.0,0,1,0
BBB,2013J,404269,F,South West Region,A Level or Equivalent,40-50%,0-35,1,60,N,Pass,-58.0,259,20,17,12.95,1,76.0,0,1,0
BBB,2013J,404671,F,South West Region,A Level or Equivalent,0-10%,35-55,0,60,N,Distinction,-38.0,110,20,19,5.5,1,88.0,0,1,0
BBB,2013J,404708,F,Yorkshire Region,A Level or Equivalent,40-50%,35-55,0,60,N,Pass,-142.0,49,7,9,7.0,1,82.0,0,1,0
BBB,2013J,405945,F,East Anglian Region,Lower Than A Level,40-50%,0-35,1,60,N,Pass,-145.0,135,4,15,33.75,1,52.0,0,1,0
BBB,2013J,408106,F,East Anglian Region,A Level or Equivalent,30-40%,35-55,1,90,N,Fail,-47.0,0,0,0,0.0,0,,0,0,1
BBB,2013J,408975,F,Ireland,A Level or Equivalent,60-70%,0-35,0,60,N,Pass,-19.0,49,3,9,16.333333333333332,1,69.0,0,1,0
BBB,2013J,409160,F,East Anglian Region,Lower Than A Level,20-30%,0-35,0,120,Y,Fail,-58.0,164,19,23,8.631578947368421,1,73.0,0,1,1
BBB,2013J,409698,F,Scotland,Lower Than A Level,0-10%,0-35,0,60,N,Withdrawn,-45.0,59,9,5,6.555555555555555,1,78.0,0,1,1
BBB,2013J,409930,F,East Anglian Region,A Level or Equivalent,50-60%,0-35,0,120,N,Pass,-158.0,85,10,7,8.5,1,81.0,0,1,0
BBB,2013J,409945,F,Wales,A Level or Equivalent,80-90%,0-35,0,180,N,Pass,-54.0,39,5,7,7.8,1,87.0,0,1,0
BBB,2013J,410052,F,London Region,A Level or Equivalent,10-20,35-55,3,60,N,Pass,-87.0,24,3,3,8.0,1,61.0,0,1,0
BBB,2013J,410281,F,Ireland,A Level or Equivalent,60-70%,35-55,1,180,N,Fail,-57.0,373,19,32,19.63157894736842,1,65.0,0,1,1
BBB,2013J,410357,F,South Region,Lower Than A Level,40-50%,0-35,0,60,N,Distinction,-103.0,327,26,16,12.576923076923077,1,83.0,0,1,0
BBB,2013J,410537,F,South West Region,A Level or Equivalent,40-50%,0-35,0,60,N,Pass,-36.0,22,5,6,4.4,1,84.0,0,1,0
BBB,2013J,410842,F,Scotland,A Level or Equivalent,60-70%,0-35,0,60,N,Pass,-53.0,14,5,2,2.8,1,94.0,0,1,0
BBB,2013J,411126,F,Wales,Lower Than A Level,40-50%,0-35,1,60,N,Fail,-27.0,0,0,0,0.0,0,,0,0,1
BBB,2013J,411226,F,South West Region,HE Qualification,90-100%,0-35,0,120,N,Withdrawn,-110.0,68,8,11,8.5,1,57.0,0,1,1
BBB,2013J,411642,F,West Midlands Region,HE Qualification,0-10%,0-35,1,60,N,Pass,-67.0,62,5,15,12.4,1,80.0,0,1,0
BBB,2013J,413248,M,Wales,HE Qualification,0-10%,35-55,0,60,N,Fail,-29.0,0,0,0,0.0,0,,0,0,1
BBB,2013J,414028,F,Scotland,A Level or Equivalent,70-80%,35-55,0,60,N,Distinction,-47.0,334,28,23,11.928571428571429,1,80.0,0,1,0
BBB,2013J,414350,F,East Anglian Region,Lower Than A Level,50-60%,35-55,1,330,Y,Distinction,-158.0,1028,24,24,42.833333333333336,1,87.0,1,1,0
BBB,2013J,414495,M,North Western Region,A Level or Equivalent,90-100%,0-35,0,90,N,Distinction,-75.0,77,14,7,5.5,1,87.0,0,1,0
BBB,2013J,415216,F,South West Region,A Level or Equivalent,90-100%,0-35,0,60,N,Pass,-107.0,41,8,5,5.125,1,77.0,0,1,0
BBB,2013J,415546,F,Ireland,HE Qualification,90-100%,0-35,0,60,N,Fail,-22.0,107,11,16,9.727272727272727,1,42.0,0,1,1
BBB,2013J,415698,F,South East Region,A Level or Equivalent,50-60%,0-35,1,120,N,Withdrawn,-87.0,0,0,0,0.0,0,,0,0,1
BBB,2013J,417657,F,Scotland,A Level or Equivalent,60-70%,0-35,0,60,N,Fail,-22.0,145,9,21,16.11111111111111,1,59.0,0,1,1
BBB,2013J,417785,F,North Western Region,A Level or Equivalent,60-70%,35-55,1,120,N,Fail,-162.0,1,1,1,1.0,0,,0,0,1
BBB,2013J,419375,F,Wales,Lower Than A Level,40-50%,0-35,0,120,N,Pass,-132.0,274,20,18,13.7,1,77.0,0,1,0
BBB,2013J,420163,F,South West Region,HE Qualification,40-50%,35-55,0,120,N,Pass,-46.0,141,8,17,17.625,1,86.0,0,1,0
BBB,2013J,420724,F,South West Region,Lower Than A Level,80-90%,35-55,1,60,N,Fail,-44.0,0,0,0,0.0,1,69.0,1,1,1
BBB,2013J,421018,F,West Midlands Region,HE Qualification,0-10%,0-35,0,60,N,Pass,-184.0,0,0,0,0.0,0,,0,0,0
BBB,2013J,422223,F,South East Region,A Level or Equivalent,40-50%,0-35,3,60,N,Fail,-26.0,6,2,4,3.0,0,,0,0,1
BBB,2013J,422479,F,South East Region,Lower Than A Level,90-100%,0-35,1,120,N,Pass,-149.0,55,7,10,7.857142857142857,1,83.0,0,1,0
BBB,2013J,423399,M,Wales,A Level or Equivalent,90-100%,0-35,0,210,N,Pass,-30.0,18,2,8,9.0,0,,0,0,0
BBB,2013J,424539,F,West Midlands Region,Lower Than A Level,0-10%,0-35,2,120,N,Pass,-22.0,47,4,9,11.75,1,71.0,0,1,0
BBB,2013J,424637,F,West Midlands Region,HE Qualification,0-10%,35-55,2,60,N,Fail,-86.0,3,1,1,3.0,1,80.0,0,1,1
BBB,2013J,425817,M,East Midlands Region,Lower Than A Level,0-10%,35-55,1,90,N,Fail,-53.0,0,0,0,0.0,0,,0,0,1
BBB,2013J,426458,F,Wales,Lower Than A Level,30-40%,0-35,0,180,N,Pass,-46.0,71,6,11,11.833333333333334,1,74.0,0,1,0
BBB,2013J,427683,F,Scotland,Lower Than A Level,20-30%,0-35,0,120,N,Withdrawn,-103.0,23,2,9,11.5,1,75.0,1,1,1
BBB,2013J,427921,F,West Midlands Region,Lower Than A Level,10-20,0-35,0,60,N,Pass,-142.0,1065,28,30,38.035714285714285,1,68.0,0,1,0
BBB,2013J,428323,F,Wales,A Level or Equivalent,30-40%,35-55,0,120,N,Pass,-57.0,120,11,12,10.909090909090908,1,74.0,0,1,0
BBB,2013J,428653,M,West Midlands Region,Lower Than A Level,20-30%,0-35,0,120,N,Pass,-80.0,28,3,12,9.333333333333334,1,67.0,0,1,0
BBB,2013J,429610,F,East Anglian Region,Lower Than A Level,50-60%,35-55,0,60,N,Distinction,-36.0,251,12,10,20.916666666666668,1,82.0,0,1,0
BBB,2013J,430392,F,South East Region,Lower Than A Level,20-30%,35-55,1,60,N,Pass,-178.0,65,8,13,8.125,1,65.0,0,1,0
BBB,2013J,430708,F,Yorkshire Region,A Level or Equivalent,70-80%,0-35,0,90,N,Pass,-101.0,53,6,9,8.833333333333334,1,80.0,0,1,0
BBB,2013J,431071,F,Ireland,Lower Than A Level,10-20,0-35,2,120,N,Fail,-36.0,0,0,0,0.0,0,,0,0,1
BBB,2013J,432144,F,South East Region,A Level or Equivalent,60-70%,0-35,0,60,N,Pass,-26.0,278,27,18,10.296296296296296,1,78.0,0,1,0
BBB,2013J,432237,F,Wales,HE Qualification,30-40%,35-55,0,60,N,Pass,-81.0,20,1,7,20.0,1,74.0,0,1,0
BBB,2013J,433280,F,Wales,A Level or Equivalent,80-90%,0-35,0,120,N,Pass,-49.0,77,3,22,25.666666666666668,1,62.0,0,1,0
BBB,2013J,433864,M,Scotland,HE Qualification,60-70%,0-35,0,60,N,Pass,-157.0,117,16,12,7.3125,1,76.0,0,1,0
BBB,2013J,434397,F,West Midlands Region,A Level or Equivalent,30-40%,0-35,0,120,N,Pass,-74.0,189,8,20,23.625,1,87.0,0,1,0
BBB,2013J,434585,F,East Anglian Region,A Level or Equivalent,70-80%,0-35,0,90,N,Pass,27.0,91,3,15,30.333333333333332,0,,0,0,0
BBB,2013J,438068,F,Yorkshire Region,Lower Than A Level,50-60%,35-55,0,60,N,Distinction,-88.0,210,16,25,13.125,1,80.0,0,1,0
BBB,2013J,438551,M,Wales,Lower Than A Level,50-60%,0-35,0,60,N,Pass,-29.0,131,13,13,10.076923076923077,1,73.0,0,1,0
BBB,2013J,439182,F,East Anglian Region,A Level or Equivalent,50-60%,0-35,0,60,N,Pass,-29.0,20,3,7,6.666666666666667,1,72.0,0,1,0
BBB,2013J,439294,F,West Midlands Region,Lower Than A Level,0-10%,0-35,3,60,N,Fail,-29.0,1,1,1,1.0,1,70.0,0,1,1
BBB,2013J,440225,F,East Anglian Region,Lower Than A Level,50-60%,35-55,0,60,N,Pass,-52.0,42,4,15,10.5,1,63.0,0,1,0
BBB,2013J,440563,F,North Western Region,Lower Than A Level,20-30%,35-55,0,60,N,Pass,-57.0,1586,31,22,51.16129032258065,1,90.0,0,1,0
BBB,2013J,440593,M,West Midlands Region,Lower Than A Level,50-60%,0-35,1,60,N,Pass,-121.0,0,0,0,0.0,0,,0,0,0
BBB,2013J,440765,F,North Western Region,Lower Than A Level,20-30%,0-35,2,60,N,Fail,-53.0,77,12,11,6.416666666666667,1,76.0,0,1,1
BBB,2013J,442910,F,West Midlands Region,Lower Than A Level,0-10%,0-35,2,60,N,Pass,-11.0,89,8,22,11.125,1,86.0,0,1,0
BBB,2013J,443108,F,East Midlands Region,A Level or Equivalent,20-30%,0-35,1,60,N,Fail,-29.0,0,0,0,0.0,0,,0,0,1
BBB,2013J,443923,F,North Western Region,Lower Than A Level,20-30%,0-35,0,60,N,Withdrawn,-81.0,40,6,6,6.666666666666667,1,56.0,0,1,1
BBB,2013J,444225,F,Yorkshire Region,A Level or Equivalent,70-80%,0-35,2,60,N,Fail,-32.0,46,2,14,23.0,0,,0,0,1
BBB,2013J,444821,F,Yorkshire Region,A Level or Equivalent,40-50%,0-35,0,60,N,Pass,-79.0,92,8,14,11.5,1,82.0,0,1,0
BBB,2013J,444960,F,East Anglian Region,Lower Than A Level,40-50%,0-35,2,60,N,Withdrawn,-31.0,178,12,16,14.833333333333334,0,,0,0,1
BBB,2013J,445351,F,South West Region,Lower Than A Level,60-70%,0-35,0,120,N,Withdrawn,-53.0,15,4,8,3.75,1,57.0,1,1,1
BBB,2013J,445760,F,East Anglian Region,A Level or Equivalent,70-80%,0-35,0,60,N,Pass,-144.0,80,8,7,10.0,1,57.0,0,1,0
BBB,2013J,446345,F,Ireland,A Level or Equivalent,20-30%,0-35,0,60,N,Fail,-24.0,20,2,8,10.0,1,67.0,0,1,1
BBB,2013J,446873,F,North Western Region,Lower Than A Level,0-10%,0-35,0,90,N,Fail,-96.0,41,6,9,6.833333333333333,1,72.0,0,1,1
BBB,2013J,447086,M,East Midlands Region,A Level or Equivalent,30-40%,0-35,1,60,N,Pass,-109.0,2,1,1,2.0,1,50.0,0,1,0
BBB,2013J,447516,F,London Region,Lower Than A Level,50-60%,0-35,0,120,N,Pass,-75.0,47,6,17,7.833333333333333,1,69.0,0,1,0
BBB,2013J,464525,M,South Region,A Level or Equivalent,20-30%,35-55,0,120,N,Pass,-136.0,276,21,27,13.142857142857142,1,73.0,1,1,0
BBB,2013J,465730,F,Wales,A Level or Equivalent,30-40%,0-35,2,60,N,Fail,-15.0,11,1,2,11.0,0,,0,0,1
BBB,2013J,466202,F,Wales,Lower Than A Level,40-50%,0-35,3,60,N,Pass,-116.0,76,7,12,10.857142857142858,1,85.0,0,1,0
BBB,2013J,466477,F,South Region,Lower Than A Level,40-50%,0-35,1,60,N,Pass,-166.0,210,8,23,26.25,1,80.0,0,1,0
BBB,2013J,466800,F,Scotland,Lower Than A Level,60-70%,0-35,2,60,N,Pass,-52.0,0,0,0,0.0,0,,0,0,0
BBB,2013J,466854,F,East Midlands Region,A Level or Equivalent,50-60%,0-35,1,120,N,Fail,-42.0,159,14,12,11.357142857142858,1,93.0,0,1,1
BBB,2013J,467179,F,East Midlands Region,Lower Than A Level,60-70%,35-55,0,100,Y,Withdrawn,-16.0,41,5,6,8.2,0,,0,0,1
BBB,2013J,467606,F,South West Region,Lower Than A Level,50-60%,0-35,1,60,Y,Withdrawn,-138.0,348,19,12,18.31578947368421,1,90.0,0,1,1
BBB,2013J,468187,M,East Anglian Region,No Formal quals,20-30%,0-35,1,120,N,Fail,-51.0,45,4,12,11.25,0,,0,0,1
BBB,2013J,468482,F,South Region,A Level or Equivalent,40-50%,0-35,0,60,Y,Withdrawn,-46.0,7,1,3,7.0,1,56.0,0,1,1
BBB,2013J,469878,F,South East Region,A Level or Equivalent,70-80%,0-35,0,60,N,Pass,-185.0,216,25,11,8.64,1,79.0,0,1,0
BBB,2013J,470869,F,South East Region,A Level or Equivalent,30-40%,35-55,1,60,N,Pass,-191.0,172,6,12,28.666666666666668,1,65.0,0,1,0
BBB,2013J,471196,F,East Anglian Region,A Level or Equivalent,90-100%,35-55,0,120,N,Pass,-30.0,93,8,15,11.625,1,63.0,0,1,0
BBB,2013J,471434,F,London Region,A Level or Equivalent,10-20,35-55,0,60,N,Withdrawn,-30.0,151,8,17,18.875,1,65.0,0,1,1
BBB,2013J,471711,F,East Midlands Region,A Level or Equivalent,0-10%,35-55,1,60,N,Pass,-89.0,62,7,12,8.857142857142858,1,43.0,1,1,0
BBB,2013J,472262,F,London Region,Lower Than A Level,60-70%,35-55,0,60,N,Fail,-122.0,105,9,31,11.666666666666666,1,75.0,0,1,1
BBB,2013J,472327,M,East Anglian Region,Lower Than A Level,70-80%,0-35,0,120,N,Pass,-103.0,58,12,15,4.833333333333333,1,54.0,0,1,0
BBB,2013J,474071,M,East Anglian Region,Lower Than A Level,90-100%,0-35,1,60,Y,Fail,-52.0,134,9,17,14.88888888888889,1,87.0,0,1,1
BBB,2013J,475215,F,Scotland,A Level or Equivalent,40-50%,0-35,0,120,N,Withdrawn,-22.0,93,8,9,11.625,1,95.0,0,1,1
BBB,2013J,475241,F,Scotland,Lower Than A Level,30-40%,0-35,0,60,Y,Fail,-73.0,65,5,7,13.0,1,60.0,0,1,1
BBB,2013J,475594,F,East Midlands Region,A Level or Equivalent,80-90%,0-35,0,210,Y,Fail,-99.0,318,28,11,11.357142857142858,1,77.0,0,1,1
BBB,2013J,476278,F,Scotland,HE Qualification,70-80%,35-55,0,60,N,Pass,-95.0,447,16,16,27.9375,1,66.0,0,1,0
BBB,2013J,476816,F,London Region,A Level or Equivalent,10-20,0-35,2,210,N,Fail,-51.0,64,12,9,5.333333333333333,1,74.0,0,1,1
BBB,2013J,477319,F,South Region,HE Qualification,60-70%,35-55,0,60,N,Withdrawn,-128.0,171,7,19,24.428571428571427,1,73.0,1,1,1
BBB,2013J,477825,F,South East Region,Lower Than A Level,40-50%,0-35,0,60,N,Pass,-31.0,34,5,9,6.8,1,62.0,0,1,0
BBB,2013J,478069,F,Yorkshire Region,Lower Than A Level,10-20,35-55,0,60,N,Pass,-43.0,42,5,16,8.4,0,,0,0,0
BBB,2013J,478718,F,East Anglian Region,Lower Than A Level,30-40%,0-35,1,60,N,Fail,-58.0,0,0,0,0.0,0,,0,0,1
BBB,2013J,478967,F,Ireland,A Level or Equivalent,40-50%,35-55,1,60,N,Fail,-150.0,22,5,5,4.4,0,,0,0,1
BBB,2013J,479020,F,South Region,Lower Than A Level,20-30%,35-55,0,210,N,Pass,-136.0,317,8,13,39.625,1,59.0,0,1,0
BBB,2013J,479170,F,Yorkshire Region,HE Qualification,20-30%,0-35,0,60,N,Pass,-74.0,342,24,16,14.25,1,80.0,0,1,0
BBB,2013J,479305,F,London Region,Lower Than A Level,20-30%,0-35,0,60,N,Pass,-127.0,80,6,18,13.333333333333334,1,75.0,0,1,0
BBB,2013J,479853,F,London Region,A Level or Equivalent,0-10%,35-55,0,60,N,Distinction,-46.0,770,20,47,38.5,1,80.0,0,1,0
BBB,2013J,480667,F,West Midlands Region,A Level or Equivalent,50-60%,35-55,0,60,N,Withdrawn,-57.0,162,9,19,18.0,1,61.0,0,1,1
BBB,2013J,480888,F,West Midlands Region,Lower Than A Level,70-80%,35-55,0,60,N,Distinction,-116.0,152,10,14,15.2,1,74.0,0,1,0
BBB,2013J,481448,F,East Anglian Region,Lower Than A Level,60-70%,0-35,1,120,N,Fail,-30.0,0,0,0,0.0,0,,0,0,1
BBB,2013J,482356,F,Wales,Lower Than A Level,10-20,0-35,0,90,N,Pass,-53.0,88,9,12,9.777777777777779,1,84.0,0,1,0
BBB,2013J,482680,M,Scotland,A Level or Equivalent,60-70%,0-35,0,75,Y,Pass,-78.0,58,6,7,9.666666666666666,1,75.0,0,1,0
BBB,2013J,482810,F,South East Region,A Level or Equivalent,30-40%,0-35,0,60,N,Pass,-138.0,66,5,17,13.2,1,100.0,0,1,0
BBB,2013J,483646,F,East Midlands Region,Lower Than A Level,60-70%,35-55,0,120,N,Pass,-38.0,78,6,19,13.0,1,65.0,0,1,0
BBB,2013J,483703,F,North Western Region,A Level or Equivalent,40-50%,0-35,0,60,N,Withdrawn,-170.0,157,14,18,11.214285714285714,1,83.0,0,1,1
BBB,2013J,483744,F,West Midlands Region,Lower Than A Level,80-90%,0-35,0,180,Y,Withdrawn,-32.0,198,18,20,11.0,1,67.0,0,1,1
BBB,2013J,483876,F,London Region,No Formal quals,50-60%,0-35,0,120,N,Pass,-51.0,105,6,26,17.5,1,80.0,0,1,0
BBB,2013J,484135,F,London Region,HE Qualification,70-80%,0-35,1,60,N,Pass,-157.0,8,2,2,4.0,0,,0,0,0
BBB,2013J,484301,F,East Midlands Region,A Level or Equivalent,10-20,0-35,0,60,Y,Pass,-17.0,8,3,3,2.6666666666666665,1,94.0,0,1,0
BBB,2013J,484412,F,South West Region,A Level or Equivalent,0-10%,35-55,0,120,N,Pass,-31.0,781,18,18,43.388888888888886,1,85.0,0,1,0
BBB,2013J,485006,F,Wales,Lower Than A Level,10-20,35-55,0,60,Y,Pass,-162.0,371,11,18,33.72727272727273,1,65.0,0,1,0
BBB,2013J,485439,F,Wales,Lower Than A Level,0-10%,35-55,1,60,Y,Withdrawn,-46.0,75,4,7,18.75,1,64.0,0,1,1
BBB,2013J,485534,F,Wales,A Level or Equivalent,0-10%,35-55,0,60,N,Distinction,-162.0,117,12,19,9.75,1,81.0,0,1,0
BBB,2013J,485762,F,Yorkshire Region,A Level or Equivalent,20-30%,0-35,0,60,N,Pass,-16.0,73,6,14,12.166666666666666,1,74.0,0,1,0
BBB,2013J,485772,F,Yorkshire Region,Lower Than A Level,70-80%,0-35,0,60,N,Fail,-63.0,102,7,22,14.571428571428571,1,78.0,0,1,1
BBB,2013J,486004,F,East Anglian Region,Lower Than A Level,60-70%,0-35,0,60,N,Pass,-17.0,102,5,19,20.4,1,73.0,0,1,0
BBB,2013J,486457,F,London Region,A Level or Equivalent,10-20,0-35,0,60,N,Distinction,-52.0,43,4,13,10.75,1,80.0,0,1,0
BBB,2013J,487214,F,Ireland,Lower Than A Level,40-50%,0-35,0,60,N,Fail,-8.0,150,10,16,15.0,1,71.0,0,1,1
BBB,2013J,487371,F,Scotland,HE Qualification,10-20,35-55,0,60,N,Pass,-60.0,139,9,19,15.444444444444445,1,70.0,0,1,0
BBB,2013J,487681,F,Wales,Lower Than A Level,0-10%,0-35,0,60,N,Pass,-63.0,216,14,12,15.428571428571429,1,67.0,0,1,0
BBB,2013J,488176,F,West Midlands Region,A Level or Equivalent,30-40%,35-55,0,60,N,Withdrawn,-49.0,0,0,0,0.0,0,,0,0,1
BBB,2013J,488195,F,Yorkshire Region,A Level or Equivalent,30-40%,0-35,0,60,N,Pass,-174.0,138,6,15,23.0,1,86.0,1,1,0
BBB,2013J,488427,F,East Anglian Region,Lower Than A Level,60-70%,0-35,0,60,N,Pass,-138.0,16,3,4,5.333333333333333,1,51.0,0,1,0
BBB,2013J,489320,F,South Region,Lower Than A Level,70-80%,0-35,1,60,Y,Pass,-115.0,42,4,7,10.5,1,64.0,0,1,0
BBB,2013J,489889,M,West Midlands Region,A Level or Equivalent,0-10%,0-35,0,120,N,Pass,-115.0,33,5,10,6.6,1,60.0,0,1,0
BBB,2013J,490500,F,South West Region,Lower Than A Level,0-10%,0-35,0,120,N,Fail,-179.0,69,6,13,11.5,1,54.0,0,1,1
BBB,2013J,490677,F,Yorkshire Region,A Level or Equivalent,0-10%,35-55,0,60,N,Pass,-184.0,192,17,20,11.294117647058824,1,81.0,0,1,0
BBB,2013J,490894,F,London Region,A Level or Equivalent,10-20,35-55,1,70,N,Fail,-36.0,106,6,21,17.666666666666668,1,75.0,0,1,1
BBB,2013J,491097,F,North Region,Lower Than A Level,0-10%,0-35,1,120,Y,Fail,-38.0,7,2,3,3.5,1,66.0,1,1,1
BBB,2013J,491279,F,Scotland,Lower Than A Level,30-40%,35-55,1,60,Y,Pass,-115.0,144,18,5,8.0,0,,0,0,0
BBB,2013J,491907,F,South East Region,Lower Than A Level,50-60%,0-35,1,60,N,Fail,-29.0,40,6,7,6.666666666666667,1,60.0,0,1,1
BBB,2013J,491966,F,East Anglian Region,A Level or Equivalent,60-70%,0-35,1,60,N,Pass,-108.0,0,0,0,0.0,0,,0,0,0
BBB,2013J,492153,F,East Anglian Region,A Level or Equivalent,90-100%,35-55,0,120,Y,Pass,-61.0,348,20,22,17.4,1,61.0,0,1,0
BBB,2013J,492286,F,London Region,Lower Than A Level,80-90%,35-55,0,60,N,Pass,-22.0,46,8,7,5.75,1,70.0,0,1,0
BBB,2013J,492478,F,East Anglian Region,A Level or Equivalent,20-30%,0-35,0,120,N,Withdrawn,-29.0,168,6,15,28.0,1,75.0,0,1,1
BBB,2013J,492726,F,Scotland,A Level or Equivalent,0-10%,0-35,0,60,N,Pass,-58.0,60,11,13,5.454545454545454,1,74.0,0,1,0
BBB,2013J,493453,F,South Region,Lower Than A Level,70-80%,0-35,0,60,N,Pass,-145.0,54,3,8,18.0,1,56.0,0,1,0
BBB,2013J,493465,F,South Region,A Level or Equivalent,70-80%,0-35,0,60,N,Pass,-87.0,104,8,10,13.0,1,50.0,1,1,0
BBB,2013J,493999,F,South East Region,Lower Than A Level,30-40%,35-55,0,60,N,Fail,-29.0,127,6,18,21.166666666666668,1,67.0,1,1,1
BBB,2013J,494214,F,South West Region,A Level or Equivalent,50-60%,35-55,0,60,N,Distinction,-51.0,158,16,12,9.875,1,94.0,0,1,0
BBB,2013J,494471,F,Ireland,Lower Than A Level,80-90%,0-35,0,90,N,Fail,-22.0,428,20,17,21.4,1,65.0,0,1,1
BBB,2013J,494789,F,Wales,HE Qualification,80-90%,0-35,0,120,N,Distinction,-59.0,186,23,19,8.08695652173913,1,87.0,0,1,0
BBB,2013J,494896,F,East Anglian Region,Lower Than A Level,90-100%,0-35,0,120,N,Withdrawn,-176.0,53,6,15,8.833333333333334,1,76.0,0,1,1
BBB,2013J,494960,F,London Region,A Level or Equivalent,30-40%,0-35,0,120,N,Pass,-196.0,228,19,14,12.0,1,79.0,0,1,0
BBB,2013J,495035,F,South Region,A Level or Equivalent,70-80%,0-35,0,60,Y,Pass,-132.0,1,1,1,1.0,1,83.0,0,1,0
BBB,2013J,495449,F,South Region,Lower Than A Level,90-100%,0-35,0,120,N,Pass,-66.0,157,23,12,6.826086956521739,1,70.0,0,1,0
BBB,2013J,495509,F,North Western Region,A Level or Equivalent,30-40%,0-35,0,60,N,Pass,-166.0,1,1,1,1.0,1,77.0,0,1,0
BBB,2013J,495625,M,East Anglian Region,A Level or Equivalent,60-70%,0-35,0,120,Y,Pass,11.0,25,9,6,2.7777777777777777,1,84.0,0,1,0
BBB,2013J,495875,F,Yorkshire Region,Lower Than A Level,80-90%,0-35,1,60,N,Fail,-38.0,0,0,0,0.0,0,,0,0,1
BBB,2013J,495879,F,Scotland,Lower Than A Level,40-50%,35-55,0,60,N,Pass,-46.0,6,2,2,3.0,0,,0,0,0
BBB,2013J,495913,F,Wales,A Level or Equivalent,30-40%,0-35,2,60,N,Pass,-16.0,2,2,1,1.0,1,65.0,0,1,0
BBB,2013J,496091,F,Yorkshire Region,Lower Than A Level,0-10%,0-35,1,60,N,Fail,-42.0,200,9,20,22.22222222222222,1,78.0,0,1,1
BBB,2013J,496334,F,Yorkshire Region,A Level or Equivalent,10-20,0-35,0,60,N,Fail,-32.0,21,4,7,5.25,1,87.0,0,1,1
BBB,2013J,496442,F,West Midlands Region,Lower Than A Level,70-80%,0-35,0,60,N,Pass,-85.0,64,5,8,12.8,1,77.0,0,1,0
BBB,2013J,496764,F,Yorkshire Region,No Formal quals,30-40%,0-35,0,120,N,Distinction,-96.0,299,25,10,11.96,1,85.0,0,1,0
BBB,2013J,497130,F,South Region,Lower Than A Level,80-90%,35-55,0,60,N,Pass,-22.0,236,19,23,12.421052631578947,1,74.0,0,1,0
BBB,2013J,497632,F,Wales,A Level or Equivalent,90-100%,0-35,1,60,N,Pass,-198.0,41,2,7,20.5,0,,0,0,0
BBB,2013J,498543,M,Scotland,Lower Than A Level,50-60%,0-35,1,60,N,Pass,-82.0,0,0,0,0.0,0,,0,0,0
BBB,2013J,498635,M,South West Region,A Level or Equivalent,20-30%,35-55,1,60,N,Pass,-36.0,26,6,5,4.333333333333333,1,85.0,0,1,0
BBB,2013J,498755,F,London Region,A Level or Equivalent,0-10%,0-35,0,120,N,Pass,-109.0,114,9,19,12.666666666666666,1,65.0,0,1,0
BBB,2013J,498841,F,East Midlands Region,A Level or Equivalent,70-80%,0-35,0,120,N,Withdrawn,-29.0,73,7,13,10.428571428571429,1,75.0,0,1,1
BBB,2013J,498892,M,Scotland,Lower Than A Level,20-30%,35-55,0,60,N,Fail,-28.0,6,2,4,3.0,1,72.0,0,1,1
BBB,2013J,499624,F,London Region,A Level or Equivalent,20-30%,0-35,2,60,N,Withdrawn,-92.0,81,10,7,8.1,1,68.0,0,1,1
BBB,2013J,499822,F,Wales,HE Qualification,10-20,0-35,0,240,N,Withdrawn,-107.0,50,4,13,12.5,1,63.0,1,1,1
BBB,2013J,500016,F,London Region,Lower Than A Level,40-50%,35-55,0,180,N,Pass,-71.0,53,4,19,13.25,1,80.0,0,1,0
BBB,2013J,500135,F,East Anglian Region,A Level or Equivalent,70-80%,0-35,1,60,Y,Fail,-37.0,75,10,14,7.5,1,80.0,0,1,1
BBB,2013J,500279,F,East Anglian Region,A Level or Equivalent,60-70%,35-55,0,120,N,Withdrawn,-120.0,24,1,10,24.0,0,,0,0,1
BBB,2013J,500552,F,London Region,Lower Than A Level,60-70%,35-55,0,60,N,Pass,-81.0,73,5,16,14.6,1,88.0,0,1,0
BBB,2013J,500668,F,Scotland,HE Qualification,60-70%,0-35,0,120,N,Pass,-81.0,443,25,22,17.72,1,87.0,0,1,0
BBB,2013J,501053,F,South East Region,Lower Than A Level,20-30%,0-35,1,120,N,Fail,-53.0,11,1,3,11.0,0,,0,0,1
BBB,2013J,501208,F,South East Region,Lower Than A Level,60-70%,35-55,1,60,N,Pass,-46.0,1,1,1,1.0,0,,0,0,0
BBB,2013J,501637,F,South West Region,A Level or Equivalent,20-30%,0-35,1,120,Y,Pass,-67.0,271,14,13,19.357142857142858,1,75.0,0,1,0
BBB,2013J,501862,F,Wales,Lower Than A Level,0-10%,0-35,0,60,N,Fail,-42.0,0,0,0,0.0,0,,0,0,1
BBB,2013J,501945,F,South Region,Lower Than A Level,40-50%,35-55,0,60,N,Withdrawn,-158.0,120,12,15,10.0,1,83.0,0,1,1
BBB,2013J,502391,M,Scotland,HE Qualification,10-20,35-55,1,120,N,Fail,-52.0,0,0,0,0.0,0,,0,0,1
BBB,2013J,503322,F,South West Region,Lower Than A Level,10-20,35-55,0,60,N,Pass,-36.0,265,16,24,16.5625,1,71.0,0,1,0
BBB,2013J,503516,F,Scotland,Lower Than A Level,70-80%,0-35,0,60,Y,Fail,-31.0,90,6,26,15.0,1,62.0,0,1,1
BBB,2013J,503804,F,Ireland,Lower Than A Level,10-20,0-35,0,60,N,Pass,-28.0,453,22,24,20.59090909090909,1,50.0,0,1,0
BBB,2013J,503878,F,South West Region,Lower Than A Level,50-60%,0-35,1,180,Y,Fail,-28.0,32,2,6,16.0,0,,0,0,1
BBB,2013J,504013,F,Wales,A Level or Equivalent,10-20,0-35,1,60,N,Pass,-36.0,10,1,2,10.0,1,82.0,0,1,0
BBB,2013J,504022,F,North Region,A Level or Equivalent,0-10%,0-35,1,120,N,Pass,-30.0,0,0,0,0.0,1,73.0,0,1,0
BBB,2013J,504466,F,Scotland,Lower Than A Level,50-60%,35-55,1,60,N,Pass,-29.0,228,13,23,17.53846153846154,1,95.0,0,1,0
BBB,2013J,504635,F,Wales,HE Qualification,90-100%,0-35,0,60,N,Pass,-46.0,0,0,0,0.0,1,83.0,0,1,0
BBB,2013J,505413,F,South Region,A Level or Equivalent,80-90%,35-55,0,60,N,Pass,-58.0,0,0,0,0.0,1,70.0,0,1,0
BBB,2013J,505595,F,London Region,Lower Than A Level,10-20,0-35,2,60,Y,Withdrawn,-109.0,2,1,1,2.0,0,,0,0,1
BBB,2013J,506185,F,London Region,Lower Than A Level,60-70%,0-35,0,60,N,Fail,-37.0,42,9,13,4.666666666666667,1,85.0,0,1,1
BBB,2013J,506248,F,South East Region,Lower Than A Level,80-90%,0-35,0,60,N,Fail,-99.0,184,9,14,20.444444444444443,1,77.0,0,1,1
BBB,2013J,506804,F,North Region,A Level or Equivalent,20-30%,0-35,0,120,N,Pass,-32.0,89,9,18,9.88888888888889,1,58.0,1,1,0
BBB,2013J,506980,F,Scotland,A Level or Equivalent,20-30%,0-35,1,120,N,Fail,-43.0,43,3,8,14.333333333333334,0,,0,0,1
BBB,2013J,507016,F,North Western Region,A Level or Equivalent,40-50%,0-35,0,90,N,Pass,-25.0,48,11,9,4.363636363636363,1,62.0,0,1,0
BBB,2013J,507279,F,West Midlands Region,Lower Than A Level,10-20,0-35,0,60,Y,Fail,-36.0,34,2,6,17.0,1,55.0,0,1,1
BBB,2013J,507387,F,East Anglian Region,A Level or Equivalent,50-60%,0-35,0,60,N,Fail,-31.0,53,7,14,7.571428571428571,1,73.0,0,1,1
BBB,2013J,507389,F,Wales,Lower Than A Level,20-30%,35-55,0,60,N,Fail,-58.0,0,0,0,0.0,0,,0,0,1
BBB,2013J,507676,F,Yorkshire Region,No Formal quals,20-30%,0-35,2,120,N,Fail,-103.0,27,4,11,6.75,1,70.0,0,1,1
BBB,2013J,508028,F,South West Region,A Level or Equivalent,30-40%,35-55,0,60,N,Pass,-194.0,108,14,12,7.714285714285714,1,84.0,0,1,0
BBB,2013J,508047,F,South East Region,Lower Than A Level,40-50%,35-55,0,120,Y,Withdrawn,-122.0,57,7,14,8.142857142857142,1,71.0,0,1,1
BBB,2013J,508079,F,Wales,Lower Than A Level,40-50%,0-35,0,60,N,Pass,-96.0,226,16,22,14.125,1,65.0,0,1,0
BBB,2013J,508422,M,Ireland,Lower Than A Level,40-50%,35-55,1,60,N,Fail,-8.0,8,2,3,4.0,1,70.0,0,1,1
BBB,2013J,508517,F,Yorkshire Region,No Formal quals,30-40%,0-35,2,60,N,Fail,-29.0,10,6,5,1.6666666666666667,1,74.0,0,1,1
BBB,2013J,508759,F,East Anglian Region,A Level or Equivalent,30-40%,0-35,0,120,N,Withdrawn,-130.0,429,26,19,16.5,1,81.0,0,1,1
BBB,2013J,509036,F,Scotland,A Level or Equivalent,60-70%,0-35,0,120,N,Fail,-44.0,128,9,25,14.222222222222221,1,68.0,0,1,1
BBB,2013J,509236,F,Yorkshire Region,A Level or Equivalent,30-40%,0-35,0,180,N,Fail,-94.0,8,1,3,8.0,0,,0,0,1
BBB,2013J,509258,F,North Western Region,Lower Than A Level,60-70%,0-35,0,60,N,Fail,-15.0,68,3,7,22.666666666666668,1,87.0,0,1,1
BBB,2013J,509390,F,South Region,A Level or Equivalent,90-100%,0-35,1,120,Y,Fail,-114.0,1,1,1,1.0,0,,0,0,1
BBB,2013J,509607,F,North Region,Lower Than A Level,,0-35,1,60,N,Distinction,-25.0,740,28,26,26.428571428571427,1,88.0,0,1,0
BBB,2013J,509845,F,West Midlands Region,A Level or Equivalent,0-10%,0-35,0,60,N,Withdrawn,-62.0,177,9,18,19.666666666666668,1,33.0,0,1,1
BBB,2013J,509913,F,North Western Region,Lower Than A Level,10-20,35-55,0,60,N,Fail,-29.0,128,11,12,11.636363636363637,1,57.0,0,1,1
BBB,2013J,510149,F,East Anglian Region,Lower Than A Level,90-100%,35-55,0,180,N,Fail,-81.0,208,23,23,9.043478260869565,1,61.0,0,1,1
BBB,2013J,510438,F,North Western Region,A Level or Equivalent,20-30%,35-55,0,60,N,Fail,-22.0,7,1,6,7.0,0,,0,0,1
BBB,2013J,510776,F,London Region,Lower Than A Level,20-30%,0-35,1,60,N,Fail,-4.0,4,1,2,4.0,0,,0,0,1
BBB,2013J,510868,F,London Region,A Level or Equivalent,30-40%,35-55,0,90,N,Withdrawn,-29.0,5,1,4,5.0,1,55.0,0,1,1
BBB,2013J,511678,F,South Region,A Level or Equivalent,20-30%,0-35,0,120,N,Pass,-92.0,2050,31,28,66.12903225806451,1,56.0,0,1,0
BBB,2013J,512417,F,Scotland,A Level or Equivalent,10-20,0-35,1,60,N,Pass,-71.0,211,16,13,13.1875,1,82.0,0,1,0
BBB,2013J,512581,F,Scotland,Lower Than A Level,60-70%,0-35,1,60,N,Fail,-85.0,1133,31,21,36.54838709677419,1,70.0,0,1,1
BBB,2013J,512775,F,Scotland,HE Qualification,0-10%,35-55,0,90,N,Pass,-46.0,20,3,9,6.666666666666667,1,77.0,0,1,0
BBB,2013J,512839,M,Yorkshire Region,Lower Than A Level,20-30%,0-35,0,150,N,Fail,-75.0,93,7,18,13.285714285714286,1,79.0,1,1,1
BBB,2013J,512883,F,Wales,Lower Than A Level,20-30%,0-35,2,60,N,Withdrawn,-36.0,16,3,4,5.333333333333333,0,,0,0,1
BBB,2013J,512940,F,Wales,Lower Than A Level,30-40%,0-35,0,60,N,Pass,-46.0,63,9,8,7.0,1,93.0,0,1,0
BBB,2013J,512977,M,North Western Region,A Level or Equivalent,0-10%,0-35,0,60,N,Pass,-42.0,8,2,4,4.0,1,64.0,0,1,0
BBB,2013J,513076,F,North Western Region,Lower Than A Level,0-10%,0-35,0,120,Y,Fail,-127.0,44,6,9,7.333333333333333,1,48.0,0,1,1
BBB,2013J,513836,F,East Anglian Region,HE Qualification,40-50%,35-55,0,60,N,Withdrawn,-150.0,136,10,29,13.6,1,70.0,0,1,1
BBB,2013J,514043,F,London Region,A Level or Equivalent,60-70%,35-55,1,60,N,Pass,-81.0,28,3,7,9.333333333333334,1,65.0,1,1,0
BBB,2013J,514074,F,East Midlands Region,A Level or Equivalent,20-30%,35-55,0,60,N,Withdrawn,-25.0,106,11,12,9.636363636363637,1,44.0,0,1,1
BBB,2013J,514302,F,East Anglian Region,Lower Than A Level,70-80%,35-55,0,60,N,Pass,-101.0,145,13,23,11.153846153846153,1,77.0,0,1,0
BBB,2013J,514445,F,Wales,A Level or Equivalent,20-30%,0-35,0,120,N,Pass,-83.0,72,5,12,14.4,1,75.0,0,1,0
BBB,2013J,514776,F,Scotland,Lower Than A Level,40-50%,0-35,2,60,Y,Fail,-72.0,71,6,15,11.833333333333334,1,50.0,1,1,1
BBB,2013J,514864,F,West Midlands Region,Lower Than A Level,10-20,0-35,0,60,N,Pass,-28.0,184,16,11,11.5,1,67.0,0,1,0
BBB,2013J,515203,F,Wales,Lower Than A Level,80-90%,0-35,0,180,N,Fail,-44.0,27,2,14,13.5,1,75.0,1,1,1
BBB,2013J,515417,M,Ireland,HE Qualification,0-10%,35-55,0,180,N,Fail,-191.0,0,0,0,0.0,0,,0,0,1
BBB,2013J,515646,F,East Anglian Region,Lower Than A Level,60-70%,0-35,0,60,N,Pass,-32.0,81,9,18,9.0,1,65.0,1,1,0
BBB,2013J,515676,F,East Midlands Region,Lower Than A Level,50-60%,0-35,0,60,N,Pass,-43.0,15,2,2,7.5,1,65.0,0,1,0
BBB,2013J,516364,F,East Anglian Region,Lower Than A Level,70-80%,35-55,0,60,N,Withdrawn,-114.0,42,3,10,14.0,1,84.0,0,1,1
BBB,2013J,516926,M,North Western Region,Lower Than A Level,10-20,0-35,0,60,Y,Fail,-32.0,34,10,9,3.4,1,72.0,0,1,1
BBB,2013J,517000,F,North Western Region,A Level or Equivalent,10-20,35-55,2,60,N,Distinction,-42.0,729,26,19,28.03846153846154,1,82.0,0,1,0
BBB,2013J,517016,F,South Region,A Level or Equivalent,80-90%,0-35,0,60,Y,Fail,-145.0,15,2,2,7.5,0,,0,0,1
BBB,2013J,517231,F,Scotland,A Level or Equivalent,50-60%,35-55,0,60,N,Pass,-65.0,1505,31,43,48.54838709677419,1,93.0,0,1,0
BBB,2013J,517352,F,East Anglian Region,Lower Than A Level,60-70%,0-35,0,60,N,Pass,-80.0,89,7,5,12.714285714285714,1,78.0,0,1,0
BBB,2013J,517553,F,Wales,Lower Than A Level,80-90%,0-35,1,60,N,Withdrawn,-162.0,43,3,6,14.333333333333334,0,,0,0,1
BBB,2013J,518126,F,West Midlands Region,A Level or Equivalent,10-20,0-35,1,120,N,Pass,-46.0,35,5,14,7.0,1,53.0,0,1,0
BBB,2013J,518223,M,East Anglian Region,Lower Than A Level,10-20,0-35,1,60,Y,Pass,-156.0,98,18,13,5.444444444444445,1,64.0,0,1,0
BBB,2013J,518258,F,South East Region,Lower Than A Level,70-80%,0-35,0,60,N,Distinction,-59.0,370,17,18,21.764705882352942,1,67.0,0,1,0
BBB,2013J,518496,F,East Anglian Region,Lower Than A Level,70-80%,35-55,0,60,Y,Pass,-115.0,101,8,21,12.625,1,87.0,0,1,0
BBB,2013J,519294,F,East Anglian Region,Lower Than A Level,60-70%,0-35,0,60,N,Pass,-67.0,112,7,9,16.0,1,62.0,1,1,0
BBB,2013J,519584,F,South Region,Lower Than A Level,20-30%,0-35,0,60,N,Pass,-74.0,218,22,22,9.909090909090908,1,89.0,0,1,0
BBB,2013J,519622,F,East Midlands Region,A Level or Equivalent,80-90%,0-35,1,180,Y,Fail,-117.0,61,7,5,8.714285714285714,0,,0,0,1
BBB,2013J,520002,F,East Anglian Region,Lower Than A Level,70-80%,0-35,0,120,N,Pass,-143.0,812,24,30,33.833333333333336,1,58.0,0,1,0
BBB,2013J,520006,F,East Midlands Region,A Level or Equivalent,80-90%,35-55,0,60,N,Distinction,-130.0,14,3,3,4.666666666666667,1,80.0,0,1,0
BBB,2013J,520024,F,Yorkshire Region,A Level or Equivalent,10-20,0-35,0,60,N,Withdrawn,-106.0,61,5,9,12.2,1,80.0,1,1,1
BBB,2013J,520100,F,South East Region,Lower Than A Level,90-100%,0-35,0,60,N,Fail,-80.0,9,2,5,4.5,1,67.0,0,1,1
BBB,2013J,520286,F,Wales,Lower Than A Level,60-70%,35-55,0,60,N,Distinction,-59.0,44,12,9,3.6666666666666665,1,86.0,0,1,0
BBB,2013J,520325,F,South Region,Lower Than A Level,50-60%,0-35,0,60,N,Fail,-120.0,108,9,15,12.0,1,82.0,0,1,1
BBB,2013J,521341,F,South Region,HE Qualification,90-100%,35-55,0,120,Y,Pass,-35.0,275,18,20,15.277777777777779,1,64.0,0,1,0
BBB,2013J,521509,F,South West Region,Lower Than A Level,40-50%,0-35,0,120,N,Pass,-16.0,41,4,9,10.25,1,61.0,0,1,0
BBB,2013J,521590,F,North Western Region,Lower Than A Level,0-10%,0-35,0,60,N,Pass,-51.0,380,19,15,20.0,1,83.0,0,1,0
BBB,2013J,521666,F,Yorkshire Region,A Level or Equivalent,50-60%,0-35,1,120,N,Fail,-57.0,0,0,0,0.0,0,,0,0,1
BBB,2013J,521895,F,North Region,A Level or Equivalent,,0-35,0,120,N,Pass,-52.0,3,2,1,1.5,0,,0,0,0
BBB,2013J,521957,F,Ireland,Lower Than A Level,70-80%,0-35,2,120,N,Withdrawn,-31.0,29,5,10,5.8,1,52.0,0,1,1
BBB,2013J,522426,F,Scotland,HE Qualification,70-80%,35-55,0,60,N,Pass,-24.0,261,13,23,20.076923076923077,1,73.0,0,1,0
BBB,2013J,522434,M,Scotland,Lower Than A Level,0-10%,35-55,0,60,N,Pass,-24.0,197,18,18,10.944444444444445,1,67.0,0,1,0
BBB,2013J,522441,M,Scotland,A Level or Equivalent,90-100%,35-55,0,60,N,Pass,-24.0,85,5,19,17.0,1,75.0,0,1,0
BBB,2013J,522443,F,Scotland,A Level or Equivalent,40-50%,35-55,0,120,N,Fail,-24.0,208,13,25,16.0,1,77.0,0,1,1
BBB,2013J,522446,F,Scotland,A Level or Equivalent,60-70%,35-55,0,60,N,Pass,-24.0,1088,24,47,45.333333333333336,1,70.0,0,1,0
BBB,2013J,522529,F,Scotland,A Level or Equivalent,0-10%,35-55,0,60,N,Pass,-24.0,316,25,24,12.64,1,83.0,0,1,0
BBB,2013J,522622,F,Wales,Lower Than A Level,10-20,0-35,1,120,N,Pass,-36.0,0,0,0,0.0,1,60.0,0,1,0
BBB,2013J,522714,F,Wales,A Level or Equivalent,30-40%,0-35,0,60,N,Pass,-44.0,198,24,19,8.25,1,75.0,0,1,0
BBB,2013J,522792,F,Yorkshire Region,Lower Than A Level,60-70%,0-35,0,60,N,Pass,-117.0,355,16,41,22.1875,1,87.0,0,1,0
BBB,2013J,522889,F,Scotland,Lower Than A Level,50-60%,0-35,0,60,N,Fail,-67.0,65,5,13,13.0,1,80.0,0,1,1
BBB,2013J,522891,F,Scotland,Lower Than A Level,50-60%,35-55,0,60,N,Pass,-38.0,163,14,22,11.642857142857142,1,85.0,0,1,0
BBB,2013J,522894,F,Scotland,HE Qualification,30-40%,35-55,0,120,N,Pass,-67.0,335,19,36,17.63157894736842,1,90.0,0,1,0
BBB,2013J,522899,F,Scotland,HE Qualification,50-60%,35-55,0,120,N,Fail,-67.0,333,13,38,25.615384615384617,1,90.0,0,1,1
BBB,2013J,523331,F,London Region,Lower Than A Level,10-20,35-55,0,60,N,Fail,-17.0,7,1,4,7.0,0,,0,0,1
BBB,2013J,523398,F,South Region,A Level or Equivalent,60-70%,0-35,1,60,N,Fail,-58.0,0,0,0,0.0,0,,0,0,1
BBB,2013J,523466,F,Wales,A Level or Equivalent,0-10%,0-35,0,180,N,Pass,-36.0,91,11,16,8.272727272727273,1,74.0,0,1,0
BBB,2013J,523545,F,Scotland,HE Qualification,50-60%,0-35,0,60,N,Pass,-107.0,48,4,13,12.0,1,75.0,0,1,0
BBB,2013J,523655,F,Wales,Lower Than A Level,20-30%,0-35,0,60,N,Pass,-29.0,16,2,8,8.0,0,,0,0,0
BBB,2013J,523757,F,North Western Region,Lower Than A Level,0-10%,35-55,1,60,N,Fail,-87.0,32,9,9,3.5555555555555554,1,48.0,1,1,1
BBB,2013J,523857,F,West Midlands Region,HE Qualification,20-30%,0-35,0,120,Y,Pass,-100.0,123,10,18,12.3,1,72.0,0,1,0
BBB,2013J,523875,F,Scotland,A Level or Equivalent,50-60%,35-55,0,60,N,Distinction,-74.0,1054,23,16,45.82608695652174,1,80.0,0,1,0
BBB,2013J,523928,F,London Region,A Level or Equivalent,10-20,35-55,0,60,N,Pass,-92.0,212,10,12,21.2,1,70.0,0,1,0
BBB,2013J,524076,F,London Region,A Level or Equivalent,20-30%,0-35,0,60,N,Fail,-29.0,19,1,6,19.0,1,60.0,0,1,1
BBB,2013J,524496,F,West Midlands Region,A Level or Equivalent,0-10%,35-55,1,60,N,Fail,-196.0,111,5,17,22.2,0,,0,0,1
BBB,2013J,524790,F,South East Region,A Level or Equivalent,90-100%,35-55,0,60,N,Distinction,-22.0,518,28,26,18.5,1,89.0,0,1,0
BBB,2013J,525877,F,Scotland,Lower Than A Level,0-10%,0-35,2,60,Y,Withdrawn,-30.0,84,6,20,14.0,1,50.0,0,1,1
BBB,2013J,525885,F,South East Region,HE Qualification,40-50%,0-35,1,60,N,Fail,-46.0,52,5,8,10.4,1,79.0,0,1,1
BBB,2013J,525974,F,East Anglian Region,Lower Than A Level,50-60%,0-35,0,60,N,Distinction,-38.0,535,26,15,20.576923076923077,1,75.0,0,1,0
BBB,2013J,526088,F,East Anglian Region,Lower Than A Level,40-50%,0-35,0,60,N,Fail,-57.0,36,4,10,9.0,1,59.0,0,1,1
BBB,2013J,526177,F,Scotland,Lower Than A Level,40-50%,0-35,0,75,N,Pass,-49.0,28,6,6,4.666666666666667,1,84.0,0,1,0
BBB,2013J,526810,F,North Region,A Level or Equivalent,10-20,0-35,0,60,N,Withdrawn,-67.0,251,13,15,19.307692307692307,1,85.0,0,1,1
BBB,2013J,527393,F,Scotland,Lower Than A Level,40-50%,0-35,0,60,N,Pass,-22.0,213,16,23,13.3125,1,81.0,0,1,0
BBB,2013J,527580,F,West Midlands Region,Lower Than A Level,80-90%,0-35,0,60,N,Pass,-128.0,118,7,13,16.857142857142858,1,78.0,0,1,0
BBB,2013J,527636,F,Wales,A Level or Equivalent,0-10%,0-35,1,120,N,Fail,-46.0,219,15,17,14.6,1,60.0,0,1,1
BBB,2013J,527799,M,London Region,A Level or Equivalent,10-20,35-55,1,60,N,Fail,-88.0,161,13,21,12.384615384615385,1,53.0,1,1,1
BBB,2013J,528056,F,South West Region,A Level or Equivalent,30-40%,0-35,1,60,N,Fail,-99.0,43,2,8,21.5,1,75.0,0,1,1
BBB,2013J,528464,F,South East Region,A Level or Equivalent,90-100%,0-35,2,60,N,Pass,-16.0,3,1,2,3.0,1,49.0,0,1,0
BBB,2013J,529000,F,East Anglian Region,Lower Than A Level,60-70%,0-35,0,60,Y,Fail,-28.0,2,1,1,2.0,0,,0,0,1
BBB,2013J,529597,F,East Midlands Region,Lower Than A Level,0-10%,0-35,0,120,Y,Fail,-28.0,12,2,2,6.0,1,55.0,0,1,1
BBB,2013J,529795,F,Scotland,HE Qualification,70-80%,0-35,0,60,N,Fail,-25.0,29,2,13,14.5,1,79.0,0,1,1
BBB,2013J,530021,F,London Region,A Level or Equivalent,40-50%,0-35,0,60,N,Fail,-132.0,44,5,9,8.8,1,61.0,1,1,1
BBB,2013J,530112,F,Scotland,Lower Than A Level,40-50%,0-35,1,60,N,Fail,-25.0,2,1,1,2.0,0,,0,0,1
BBB,2013J,530487,F,London Region,HE Qualification,40-50%,0-35,0,60,N,Pass,-30.0,372,25,20,14.88,1,83.0,0,1,0
BBB,2013J,530514,F,East Midlands Region,Lower Than A Level,10-20,0-35,0,60,Y,Pass,-31.0,22,1,7,22.0,1,77.0,0,1,0
BBB,2013J,530753,F,Ireland,Lower Than A Level,0-10%,0-35,0,60,Y,Fail,-22.0,130,16,19,8.125,1,70.0,0,1,1
BBB,2013J,530841,F,North Region,A Level or Equivalent,30-40%,0-35,0,60,N,Pass,-43.0,519,20,17,25.95,1,68.0,0,1,0
BBB,2013J,531384,F,Scotland,Lower Than A Level,50-60%,0-35,0,60,N,Pass,-30.0,1711,31,25,55.193548387096776,1,80.0,0,1,0
BBB,2013J,531643,F,North Western Region,A Level or Equivalent,10-20,35-55,0,60,N,Distinction,-102.0,676,31,13,21.806451612903224,1,91.0,0,1,0
BBB,2013J,532114,F,Yorkshire Region,A Level or Equivalent,0-10%,35-55,0,60,N,Withdrawn,-38.0,3,1,2,3.0,1,58.0,0,1,1
BBB,2013J,532335,F,South Region,Lower Than A Level,70-80%,0-35,0,60,N,Pass,-43.0,101,11,15,9.181818181818182,1,72.0,0,1,0
BBB,2013J,532477,F,Scotland,A Level or Equivalent,30-40%,35-55,0,60,N,Pass,-88.0,789,30,21,26.3,1,74.0,0,1,0
BBB,2013J,532615,F,Wales,Lower Than A Level,50-60%,35-55,0,120,N,Distinction,-11.0,146,12,14,12.166666666666666,1,83.0,0,1,0
BBB,2013J,532739,F,Scotland,HE Qualification,30-40%,0-35,0,60,N,Pass,-88.0,82,2,5,41.0,1,88.0,0,1,0
BBB,2013J,532750,F,London Region,A Level or Equivalent,30-40%,0-35,0,60,N,Distinction,-127.0,78,7,13,11.142857142857142,1,80.0,0,1,0
BBB,2013J,532839,F,North Region,HE Qualification,,0-35,1,60,N,Fail,-22.0,112,6,10,18.666666666666668,1,58.0,0,1,1
BBB,2013J,532868,F,East Anglian Region,Lower Than A Level,70-80%,0-35,0,60,N,Fail,-52.0,1033,31,19,33.32258064516129,1,73.0,0,1,1
BBB,2013J,532869,F,Yorkshire Region,Lower Than A Level,50-60%,0-35,0,60,N,Pass,-37.0,19,8,3,2.375,1,75.0,0,1,0
BBB,2013J,533091,M,North Western Region,Lower Than A Level,80-90%,35-55,0,60,N,Distinction,-49.0,42,2,7,21.0,1,75.0,0,1,0
BBB,2013J,533164,F,Wales,Lower Than A Level,10-20,0-35,1,60,N,Withdrawn,-52.0,2,2,2,1.0,1,64.0,0,1,1
BBB,2013J,533301,F,East Anglian Region,A Level or Equivalent,70-80%,0-35,0,60,Y,Pass,-80.0,8,3,3,2.6666666666666665,1,86.0,0,1,0
BBB,2013J,534133,F,Yorkshire Region,Lower Than A Level,0-10%,0-35,0,60,N,Pass,-17.0,90,6,6,15.0,1,80.0,0,1,0
BBB,2013J,534323,F,North Region,A Level or Equivalent,40-50%,35-55,0,60,N,Pass,-49.0,149,11,17,13.545454545454545,1,68.0,0,1,0
BBB,2013J,534816,F,West Midlands Region,Lower Than A Level,10-20,0-35,1,60,N,Fail,-102.0,36,6,12,6.0,1,80.0,0,1,1
BBB,2013J,534946,F,Yorkshire Region,A Level or Equivalent,10-20,0-35,0,60,N,Pass,-149.0,21,5,4,4.2,1,50.0,1,1,0
BBB,2013J,534998,F,North Region,Lower Than A Level,,0-35,1,60,N,Pass,-42.0,163,24,20,6.791666666666667,1,65.0,0,1,0
BBB,2013J,535269,F,London Region,A Level or Equivalent,20-30%,0-35,1,60,N,Fail,-37.0,24,4,9,6.0,0,,0,0,1
BBB,2013J,535379,F,East Anglian Region,A Level or Equivalent,60-70%,0-35,0,60,N,Pass,-16.0,110,8,16,13.75,1,77.0,0,1,0
BBB,2013J,535833,F,South West Region,Lower Than A Level,20-30%,0-35,0,60,N,Pass,-22.0,1,1,1,1.0,1,59.0,0,1,0
BBB,2013J,536318,F,East Anglian Region,A Level or Equivalent,30-40%,35-55,0,120,N,Pass,-150.0,118,15,17,7.866666666666666,1,80.0,0,1,0
BBB,2013J,536632,F,Ireland,HE Qualification,70-80%,0-35,0,60,N,Pass,-24.0,31,5,5,6.2,1,77.0,0,1,0
BBB,2013J,536649,F,Ireland,Lower Than A Level,10-20,35-55,0,60,N,Fail,-52.0,62,6,13,10.333333333333334,1,77.0,0,1,1
BBB,2013J,536660,F,Ireland,Lower Than A Level,40-50%,0-35,0,60,N,Pass,-24.0,8,2,3,4.0,1,58.0,0,1,0
BBB,2013J,536663,M,Ireland,A Level or Equivalent,50-60%,35-55,0,60,N,Withdrawn,-24.0,52,5,7,10.4,1,64.0,0,1,1
BBB,2013J,536664,F,Ireland,Lower Than A Level,60-70%,35-55,0,60,N,Fail,-24.0,0,0,0,0.0,0,,0,0,1
BBB,2013J,536666,F,London Region,Lower Than A Level,40-50%,0-35,0,60,N,Pass,-52.0,10,3,3,3.3333333333333335,1,75.0,0,1,0
BBB,2013J,536852,F,East Anglian Region,Lower Than A Level,40-50%,0-35,0,60,N,Fail,-51.0,104,8,10,13.0,1,78.0,0,1,1
BBB,2013J,536992,F,South Region,A Level or Equivalent,50-60%,0-35,0,60,N,Pass,-25.0,11,2,6,5.5,1,75.0,0,1,0
BBB,2013J,537271,F,South Region,A Level or Equivalent,80-90%,0-35,0,120,N,Fail,-134.0,1,1,1,1.0,1,81.0,0,1,1
BBB,2013J,538210,F,West Midlands Region,Lower Than A Level,50-60%,0-35,0,60,N,Pass,-80.0,37,4,10,9.25,1,73.0,0,1,0
BBB,2013J,539426,F,London Region,No Formal quals,20-30%,35-55,1,60,N,Fail,-25.0,22,2,11,11.0,0,,0,0,1
BBB,2013J,539670,M,East Anglian Region,A Level or Equivalent,0-10%,35-55,0,120,N,Fail,-92.0,2,1,1,2.0,1,49.0,0,1,1
BBB,2013J,540005,F,West Midlands Region,A Level or Equivalent,0-10%,0-35,1,60,N,Pass,-31.0,0,0,0,0.0,0,,0,0,0
BBB,2013J,540249,M,East Anglian Region,A Level or Equivalent,0-10%,35-55,0,120,N,Fail,-28.0,119,11,17,10.818181818181818,1,54.0,0,1,1
BBB,2013J,540293,F,Wales,Lower Than A Level,10-20,35-55,0,60,N,Pass,-60.0,114,6,10,19.0,1,85.0,0,1,0
BBB,2013J,540521,F,East Anglian Region,A Level or Equivalent,30-40%,0-35,0,75,N,Pass,-29.0,87,8,9,10.875,1,59.0,0,1,0
BBB,2013J,540602,F,South Region,Lower Than A Level,80-90%,0-35,0,60,N,Pass,-115.0,107,9,17,11.88888888888889,1,95.0,0,1,0
BBB,2013J,540682,F,South East Region,Lower Than A Level,50-60%,0-35,0,60,N,Pass,-66.0,390,14,16,27.857142857142858,1,85.0,0,1,0
BBB,2013J,541171,F,Wales,A Level or Equivalent,60-70%,0-35,0,120,N,Withdrawn,-52.0,74,7,16,10.571428571428571,1,66.0,0,1,1
BBB,2013J,541274,M,Yorkshire Region,Lower Than A Level,50-60%,35-55,1,60,N,Distinction,-74.0,273,22,17,12.409090909090908,1,83.0,0,1,0
BBB,2013J,541586,F,East Midlands Region,A Level or Equivalent,60-70%,35-55,0,60,N,Distinction,-96.0,256,24,14,10.666666666666666,1,81.0,0,1,0
BBB,2013J,541702,F,East Anglian Region,A Level or Equivalent,90-100%,0-35,0,120,N,Distinction,-149.0,95,9,5,10.555555555555555,1,70.0,0,1,0
BBB,2013J,542296,F,Wales,Lower Than A Level,30-40%,35-55,1,60,N,Pass,-66.0,203,15,20,13.533333333333333,1,55.0,0,1,0
BBB,2013J,542472,F,North Western Region,Lower Than A Level,20-30%,0-35,0,90,N,Fail,-132.0,7,1,6,7.0,0,,0,0,1
BBB,2013J,542574,F,East Midlands Region,Lower Than A Level,10-20,0-35,0,60,N,Distinction,-22.0,115,9,19,12.777777777777779,1,97.0,0,1,0
BBB,2013J,542707,F,North Western Region,A Level or Equivalent,30-40%,0-35,0,60,N,Fail,-60.0,66,4,9,16.5,1,61.0,0,1,1
BBB,2013J,543021,M,Scotland,Lower Than A Level,10-20,35-55,0,60,N,Withdrawn,-94.0,113,9,16,12.555555555555555,1,77.0,0,1,1
BBB,2013J,543279,F,Yorkshire Region,A Level or Equivalent,0-10%,0-35,0,60,N,Fail,-66.0,2,2,1,1.0,1,40.0,0,1,1
BBB,2013J,543418,F,Wales,Lower Than A Level,40-50%,0-35,0,60,N,Withdrawn,-81.0,3,1,2,3.0,1,73.0,0,1,1
BBB,2013J,543428,F,West Midlands Region,Lower Than A Level,90-100%,35-55,1,60,N,Pass,-94.0,242,15,27,16.133333333333333,1,64.0,0,1,0
BBB,2013J,544122,F,Wales,A Level or Equivalent,90-100%,0-35,0,60,N,Distinction,-19.0,131,10,16,13.1,1,84.0,0,1,0
BBB,2013J,544627,F,East Anglian Region,Lower Than A Level,90-100%,0-35,1,60,N,Fail,-38.0,0,0,0,0.0,0,,0,0,1
BBB,2013J,545200,F,North Western Region,A Level or Equivalent,40-50%,35-55,0,60,N,Pass,-107.0,20,4,8,5.0,1,60.0,0,1,0
BBB,2013J,545247,F,West Midlands Region,Lower Than A Level,0-10%,0-35,0,60,N,Fail,-9.0,0,0,0,0.0,0,,0,0,1
BBB,2013J,545297,F,East Anglian Region,Lower Than A Level,40-50%,0-35,0,60,Y,Fail,-9.0,3,2,2,1.5,1,75.0,0,1,1
BBB,2013J,545298,F,North Western Region,Lower Than A Level,0-10%,0-35,0,60,N,Pass,-96.0,1,1,1,1.0,1,74.0,0,1,0
BBB,2013J,545443,F,North Western Region,A Level or Equivalent,0-10%,0-35,0,60,N,Pass,-29.0,62,4,14,15.5,1,60.0,1,1,0
BBB,2013J,545462,F,West Midlands Region,A Level or Equivalent,40-50%,35-55,0,60,N,Pass,-95.0,930,26,16,35.76923076923077,1,68.0,0,1,0
BBB,2013J,546195,M,London Region,Lower Than A Level,0-10%,0-35,0,150,N,Fail,-10.0,0,0,0,0.0,1,55.0,0,1,1
BBB,2013J,546196,F,North Western Region,A Level or Equivalent,20-30%,0-35,0,120,Y,Pass,-12.0,94,7,29,13.428571428571429,1,89.0,0,1,0
BBB,2013J,546941,F,South Region,A Level or Equivalent,80-90%,0-35,1,60,N,Distinction,-194.0,331,20,17,16.55,1,87.0,0,1,0
BBB,2013J,547311,F,North Western Region,Lower Than A Level,70-80%,35-55,0,60,N,Fail,-38.0,190,15,34,12.666666666666666,1,81.0,0,1,1
BBB,2013J,547718,F,Yorkshire Region,Lower Than A Level,60-70%,0-35,0,60,N,Withdrawn,-43.0,193,17,11,11.352941176470589,1,64.0,0,1,1
BBB,2013J,547979,F,South East Region,No Formal quals,60-70%,0-35,0,120,N,Withdrawn,-90.0,2,1,2,2.0,0,,0,0,1
BBB,2013J,548197,F,Scotland,Lower Than A Level,10-20,0-35,0,60,N,Pass,-67.0,135,7,17,19.285714285714285,1,73.0,0,1,0
BBB,2013J,548899,F,East Anglian Region,A Level or Equivalent,40-50%,0-35,0,60,N,Pass,-25.0,100,6,15,16.666666666666668,1,69.0,0,1,0
BBB,2013J,549129,F,Yorkshire Region,HE Qualification,30-40%,0-35,1,60,N,Pass,-52.0,47,4,11,11.75,1,73.0,0,1,0
BBB,2013J,549226,F,East Midlands Region,A Level or Equivalent,80-90%,0-35,0,60,N,Fail,-102.0,49,6,9,8.166666666666666,1,70.0,0,1,1
BBB,2013J,549445,F,Ireland,Lower Than A Level,30-40%,35-55,0,75,N,Pass,-24.0,77,4,13,19.25,1,59.0,0,1,0
BBB,2013J,549586,F,London Region,Lower Than A Level,50-60%,35-55,0,60,N,Pass,-60.0,76,7,11,10.857142857142858,1,64.0,0,1,0
BBB,2013J,549745,F,North Western Region,A Level or Equivalent,70-80%,0-35,0,120,N,Withdrawn,-30.0,43,4,5,10.75,1,63.0,1,1,1
BBB,2013J,549873,F,North Western Region,A Level or Equivalent,50-60%,0-35,1,60,N,Fail,-38.0,0,0,0,0.0,0,,0,0,1
BBB,2013J,549918,F,North Western Region,A Level or Equivalent,50-60%,0-35,0,60,N,Fail,-109.0,597,25,38,23.88,1,74.0,0,1,1
BBB,2013J,550412,F,North Western Region,Lower Than A Level,10-20,0-35,0,60,N,Pass,-38.0,14,3,6,4.666666666666667,1,60.0,0,1,0
BBB,2013J,550559,F,North Western Region,A Level or Equivalent,30-40%,0-35,0,60,N,Withdrawn,-19.0,96,5,16,19.2,1,79.0,1,1,1
BBB,2013J,550880,F,South East Region,A Level or Equivalent,60-70%,0-35,1,60,N,Distinction,-38.0,86,7,10,12.285714285714286,1,85.0,0,1,0
BBB,2013J,550941,F,Wales,Lower Than A Level,70-80%,0-35,1,120,Y,Pass,-85.0,584,22,21,26.545454545454547,1,81.0,0,1,0
BBB,2013J,551031,F,London Region,Lower Than A Level,10-20,35-55,0,60,N,Fail,-19.0,254,17,24,14.941176470588236,1,82.0,0,1,1
BBB,2013J,551136,F,North Western Region,Lower Than A Level,20-30%,0-35,0,60,N,Withdrawn,-28.0,8,2,4,4.0,0,,0,0,1
BBB,2013J,551205,F,East Midlands Region,Lower Than A Level,70-80%,0-35,1,60,N,Pass,-136.0,5,1,4,5.0,1,70.0,0,1,0
BBB,2013J,551219,F,Wales,A Level or Equivalent,30-40%,0-35,0,90,N,Pass,-158.0,194,18,17,10.777777777777779,1,67.0,0,1,0
BBB,2013J,551234,F,London Region,Lower Than A Level,10-20,35-55,0,60,N,Pass,-25.0,1742,30,12,58.06666666666667,1,73.0,0,1,0
BBB,2013J,551347,M,Wales,Lower Than A Level,30-40%,0-35,1,60,N,Pass,-29.0,186,10,24,18.6,1,89.0,0,1,0
BBB,2013J,551802,F,London Region,A Level or Equivalent,70-80%,0-35,0,60,N,Fail,-16.0,99,6,18,16.5,1,86.0,0,1,1
BBB,2013J,551836,M,North Region,Lower Than A Level,10-20,0-35,0,60,N,Pass,-22.0,223,22,7,10.136363636363637,1,69.0,0,1,0
BBB,2013J,552116,F,West Midlands Region,Lower Than A Level,20-30%,0-35,0,60,N,Pass,-25.0,63,8,13,7.875,1,74.0,1,1,0
BBB,2013J,552177,F,North Western Region,A Level or Equivalent,20-30%,0-35,0,60,N,Fail,-28.0,1,1,1,1.0,1,70.0,0,1,1
BBB,2013J,552205,F,Scotland,Lower Than A Level,0-10%,0-35,1,60,N,Pass,-36.0,255,6,10,42.5,1,68.0,0,1,0
BBB,2013J,552339,F,East Anglian Region,HE Qualification,50-60%,0-35,0,60,N,Pass,-60.0,708,27,11,26.22222222222222,1,71.0,0,1,0
BBB,2013J,552399,F,London Region,A Level or Equivalent,30-40%,0-35,0,60,Y,Distinction,-51.0,150,11,24,13.636363636363637,1,87.0,0,1,0
BBB,2013J,552515,F,South West Region,A Level or Equivalent,30-40%,35-55,0,120,N,Pass,-36.0,0,0,0,0.0,1,86.0,0,1,0
BBB,2013J,552622,F,West Midlands Region,Lower Than A Level,20-30%,35-55,1,60,N,Pass,-25.0,561,23,33,24.391304347826086,1,69.0,0,1,0
BBB,2013J,552883,F,Yorkshire Region,HE Qualification,20-30%,0-35,0,120,N,Fail,-38.0,44,5,8,8.8,1,58.0,1,1,1
BBB,2013J,553078,F,Wales,A Level or Equivalent,40-50%,0-35,0,60,N,Pass,-38.0,129,7,17,18.428571428571427,1,75.0,0,1,0
BBB,2013J,553825,F,South Region,Lower Than A Level,70-80%,0-35,0,120,N,Pass,-149.0,26,5,10,5.2,1,80.0,0,1,0
BBB,2013J,553856,M,East Anglian Region,HE Qualification,50-60%,0-35,0,60,N,Pass,-22.0,226,15,20,15.066666666666666,1,72.0,0,1,0
BBB,2013J,553893,F,South Region,Lower Than A Level,70-80%,0-35,0,180,N,Fail,-45.0,8,2,3,4.0,1,56.0,1,1,1
BBB,2013J,554243,F,South West Region,Lower Than A Level,60-70%,0-35,0,60,N,Fail,-35.0,183,12,18,15.25,1,61.0,0,1,1
BBB,2013J,554297,F,Ireland,Lower Than A Level,20-30%,0-35,0,120,N,Fail,-22.0,107,9,15,11.88888888888889,1,41.0,1,1,1
BBB,2013J,554314,F,South Region,HE Qualification,70-80%,35-55,0,120,N,Fail,-60.0,100,5,17,20.0,1,80.0,0,1,1
BBB,2013J,554540,M,North Western Region,A Level or Equivalent,10-20,0-35,0,120,N,Pass,-38.0,136,9,22,15.11111111111111,1,78.0,0,1,0
BBB,2013J,555061,F,London Region,Lower Than A Level,20-30%,0-35,0,90,Y,Fail,-38.0,44,7,14,6.285714285714286,1,68.0,1,1,1
BBB,2013J,555346,F,South West Region,Lower Than A Level,10-20,0-35,0,60,Y,Pass,-30.0,44,5,6,8.8,1,87.0,0,1,0
BBB,2013J,555614,F,East Midlands Region,Lower Than A Level,90-100%,35-55,1,60,N,Distinction,-81.0,627,29,43,21.620689655172413,1,80.0,0,1,0
BBB,2013J,555721,F,South Region,A Level or Equivalent,60-70%,35-55,0,60,N,Pass,-43.0,118,10,17,11.8,1,70.0,0,1,0
BBB,2013J,556062,F,North Western Region,A Level or Equivalent,20-30%,0-35,0,60,N,Fail,-28.0,11,2,7,5.5,0,,0,0,1
BBB,2013J,556089,F,East Anglian Region,Lower Than A Level,30-40%,0-35,0,60,N,Distinction,-36.0,113,4,15,28.25,1,85.0,0,1,0
BBB,2013J,556175,M,Wales,Lower Than A Level,10-20,35-55,1,60,N,Pass,-60.0,27,4,6,6.75,1,50.0,0,1,0
BBB,2013J,556228,M,East Midlands Region,A Level or Equivalent,90-100%,35-55,0,60,N,Pass,-20.0,215,19,13,11.31578947368421,1,76.0,0,1,0
BBB,2013J,556427,F,East Midlands Region,A Level or Equivalent,20-30%,0-35,0,60,N,Withdrawn,-107.0,44,4,9,11.0,1,85.0,0,1,1
BBB,2013J,556592,F,London Region,A Level or Equivalent,50-60%,0-35,0,60,N,Pass,-25.0,111,9,16,12.333333333333334,1,80.0,0,1,0
BBB,2013J,556738,F,East Anglian Region,Lower Than A Level,70-80%,0-35,0,120,N,Fail,-74.0,60,3,14,20.0,0,,0,0,1
BBB,2013J,556972,F,South West Region,Lower Than A Level,20-30%,0-35,0,60,N,Pass,-31.0,145,12,16,12.083333333333334,1,64.0,0,1,0
BBB,2013J,557652,F,East Anglian Region,Lower Than A Level,70-80%,0-35,0,120,N,Fail,-32.0,0,0,0,0.0,1,42.0,1,1,1
BBB,2013J,558035,F,South Region,A Level or Equivalent,80-90%,0-35,0,120,N,Withdrawn,-196.0,169,13,25,13.0,1,95.0,0,1,1
BBB,2013J,558333,F,South Region,Lower Than A Level,40-50%,0-35,0,60,N,Pass,-46.0,9,1,2,9.0,1,78.0,0,1,0
BBB,2013J,558533,F,West Midlands Region,A Level or Equivalent,0-10%,0-35,0,60,N,Pass,-22.0,109,8,12,13.625,1,79.0,0,1,0
BBB,2013J,558661,F,North Western Region,Lower Than A Level,50-60%,0-35,0,60,N,Fail,-37.0,37,5,14,7.4,1,74.0,0,1,1
BBB,2013J,558755,F,North Western Region,A Level or Equivalent,0-10%,35-55,0,60,N,Fail,-17.0,78,8,19,9.75,1,59.0,0,1,1
BBB,2013J,558962,F,South West Region,Lower Than A Level,90-100%,0-35,0,60,N,Pass,-179.0,149,11,8,13.545454545454545,1,78.0,0,1,0
BBB,2013J,558983,F,Scotland,A Level or Equivalent,50-60%,0-35,0,60,Y,Fail,-78.0,188,14,14,13.428571428571429,1,90.0,0,1,1
BBB,2013J,559139,F,East Anglian Region,A Level or Equivalent,30-40%,35-55,0,60,N,Withdrawn,-24.0,135,10,19,13.5,1,81.0,0,1,1
BBB,2013J,559168,M,East Midlands Region,HE Qualification,60-70%,35-55,0,60,N,Pass,-65.0,42,7,13,6.0,1,77.0,0,1,0
BBB,2013J,559382,F,South West Region,A Level or Equivalent,80-90%,0-35,0,180,N,Pass,-31.0,83,11,12,7.545454545454546,1,59.0,0,1,0
BBB,2013J,559414,F,Scotland,HE Qualification,0-10%,35-55,0,60,N,Pass,-30.0,1,1,1,1.0,1,75.0,0,1,0
BBB,2013J,559584,F,West Midlands Region,A Level or Equivalent,80-90%,35-55,0,60,N,Pass,-25.0,0,0,0,0.0,1,94.0,0,1,0
BBB,2013J,559685,F,Scotland,HE Qualification,20-30%,35-55,0,60,N,Fail,-28.0,114,6,23,19.0,1,67.0,1,1,1
BBB,2013J,559851,F,North Region,A Level or Equivalent,70-80%,0-35,0,60,N,Pass,-32.0,29,4,10,7.25,1,76.0,0,1,0
BBB,2013J,560030,F,London Region,Lower Than A Level,30-40%,0-35,1,120,N,Fail,-96.0,126,9,16,14.0,0,,0,0,1
BBB,2013J,560074,F,East Anglian Region,A Level or Equivalent,30-40%,0-35,0,60,Y,Pass,-144.0,199,18,10,11.055555555555555,1,80.0,0,1,0
BBB,2013J,560430,F,East Midlands Region,Lower Than A Level,60-70%,35-55,0,60,N,Fail,-128.0,126,4,22,31.5,1,80.0,0,1,1
BBB,2013J,560567,F,West Midlands Region,Lower Than A Level,20-30%,0-35,0,120,N,Pass,-92.0,46,5,12,9.2,1,72.0,0,1,0
BBB,2013J,560676,F,East Midlands Region,Lower Than A Level,60-70%,35-55,0,60,N,Fail,-135.0,0,0,0,0.0,0,,0,0,1
BBB,2013J,560773,F,South Region,A Level or Equivalent,80-90%,0-35,0,120,N,Pass,-149.0,269,18,13,14.944444444444445,1,79.0,0,1,0
BBB,2013J,560920,F,London Region,A Level or Equivalent,30-40%,35-55,0,120,N,Withdrawn,-149.0,129,14,12,9.214285714285714,1,75.0,0,1,1
BBB,2013J,561312,F,Yorkshire Region,A Level or Equivalent,10-20,0-35,0,60,N,Distinction,-46.0,107,12,15,8.916666666666666,1,82.0,0,1,0
BBB,2013J,561457,F,North Region,Lower Than A Level,0-10%,0-35,0,150,N,Pass,-51.0,213,20,10,10.65,1,75.0,0,1,0
BBB,2013J,561534,F,Scotland,HE Qualification,70-80%,35-55,0,60,N,Pass,-137.0,331,9,19,36.77777777777778,1,80.0,0,1,0
BBB,2013J,561549,F,North Region,HE Qualification,40-50%,35-55,0,60,N,Fail,-135.0,243,16,26,15.1875,1,82.0,0,1,1
BBB,2013J,561591,F,North Region,A Level or Equivalent,0-10%,0-35,0,60,N,Pass,-109.0,101,8,10,12.625,1,93.0,0,1,0
BBB,2013J,561640,F,East Anglian Region,A Level or Equivalent,80-90%,0-35,0,60,N,Distinction,-92.0,132,8,14,16.5,1,83.0,0,1,0
BBB,2013J,561674,F,East Anglian Region,Lower Than A Level,60-70%,0-35,0,120,N,Withdrawn,-164.0,2,1,2,2.0,0,,0,0,1
BBB,2013J,561841,F,Scotland,Lower Than A Level,30-40%,0-35,0,60,N,Pass,-100.0,130,16,13,8.125,1,68.0,0,1,0
BBB,2013J,561932,M,Yorkshire Region,HE Qualification,30-40%,35-55,0,60,N,Fail,-66.0,0,0,0,0.0,0,,0,0,1
BBB,2013J,562090,F,South Region,Lower Than A Level,40-50%,35-55,0,60,N,Pass,-63.0,188,11,25,17.09090909090909,1,68.0,1,1,0
BBB,2013J,562270,M,North Western Region,A Level or Equivalent,10-20,35-55,0,120,N,Pass,-124.0,23,2,5,11.5,0,,0,0,0
BBB,2013J,562456,F,South West Region,Lower Than A Level,20-30%,0-35,0,60,N,Fail,-59.0,233,20,16,11.65,1,90.0,0,1,1
BBB,2013J,563174,F,London Region,Lower Than A Level,0-10%,0-35,0,60,N,Fail,-53.0,5,2,2,2.5,1,65.0,0,1,1
BBB,2013J,563374,M,Scotland,Lower Than A Level,80-90%,0-35,0,60,N,Fail,-29.0,152,21,14,7.238095238095238,1,57.0,0,1,1
BBB,2013J,563706,F,South East Region,A Level or Equivalent,70-80%,35-55,0,60,N,Pass,-196.0,207,15,28,13.8,1,62.0,0,1,0
BBB,2013J,563733,F,East Anglian Region,A Level or Equivalent,30-40%,35-55,0,60,N,Pass,-29.0,76,6,14,12.666666666666666,1,56.0,0,1,0
BBB,2013J,563735,F,West Midlands Region,A Level or Equivalent,10-20,0-35,0,60,N,Pass,-36.0,72,7,11,10.285714285714286,1,68.0,0,1,0
BBB,2013J,563769,F,Yorkshire Region,A Level or Equivalent,0-10%,0-35,0,60,N,Fail,-51.0,46,7,13,6.571428571428571,1,40.0,0,1,1
BBB,2013J,563794,F,East Midlands Region,Lower Than A Level,70-80%,0-35,0,60,N,Pass,-29.0,114,8,13,14.25,1,85.0,0,1,0
BBB,2013J,564105,F,South West Region,A Level or Equivalent,70-80%,0-35,0,60,N,Pass,-15.0,360,25,13,14.4,1,76.0,0,1,0
BBB,2013J,564129,M,West Midlands Region,Lower Than A Level,10-20,35-55,0,60,N,Pass,-35.0,0,0,0,0.0,1,74.0,1,1,0
BBB,2013J,564144,F,Wales,Lower Than A Level,60-70%,0-35,0,60,N,Pass,-36.0,89,4,10,22.25,1,77.0,0,1,0
BBB,2013J,564245,F,Scotland,Post Graduate Qualification,50-60%,0-35,0,60,N,Pass,-49.0,140,8,17,17.5,1,76.0,0,1,0
BBB,2013J,564268,F,East Anglian Region,A Level or Equivalent,80-90%,0-35,0,90,N,Pass,-49.0,152,9,19,16.88888888888889,1,63.0,0,1,0
BBB,2013J,564596,F,Yorkshire Region,A Level or Equivalent,10-20,35-55,0,90,N,Withdrawn,-123.0,97,3,6,32.333333333333336,0,,0,0,1
BBB,2013J,564626,M,London Region,A Level or Equivalent,80-90%,0-35,0,60,N,Fail,-17.0,37,5,13,7.4,1,55.0,0,1,1
BBB,2013J,564792,M,Ireland,A Level or Equivalent,40-50%,0-35,0,60,N,Fail,-58.0,109,14,16,7.785714285714286,1,87.0,0,1,1
BBB,2013J,564898,F,South East Region,A Level or Equivalent,30-40%,0-35,0,75,N,Distinction,-121.0,16,3,6,5.333333333333333,1,60.0,0,1,0
BBB,2013J,564958,F,South Region,A Level or Equivalent,40-50%,0-35,0,60,Y,Pass,-29.0,153,11,15,13.909090909090908,1,78.0,0,1,0
BBB,2013J,565035,F,Ireland,Lower Than A Level,10-20,0-35,0,120,N,Fail,-42.0,0,0,0,0.0,0,,0,0,1
BBB,2013J,565393,F,West Midlands Region,A Level or Equivalent,20-30%,0-35,0,60,N,Fail,-156.0,145,6,25,24.166666666666668,1,68.0,0,1,1
BBB,2013J,565513,F,Wales,A Level or Equivalent,60-70%,0-35,0,120,N,Distinction,-59.0,200,19,14,10.526315789473685,1,83.0,0,1,0
BBB,2013J,565582,F,Wales,Lower Than A Level,10-20,0-35,0,60,N,Pass,-43.0,40,7,6,5.714285714285714,1,80.0,0,1,0
BBB,2013J,565607,F,London Region,HE Qualification,30-40%,0-35,0,120,N,Pass,-17.0,154,18,24,8.555555555555555,1,64.0,0,1,0
BBB,2013J,565715,F,South East Region,A Level or Equivalent,20-30%,0-35,0,60,N,Pass,-28.0,295,19,25,15.526315789473685,1,86.0,0,1,0
BBB,2013J,565888,F,West Midlands Region,A Level or Equivalent,20-30%,0-35,0,60,N,Pass,-18.0,38,3,6,12.666666666666666,1,71.0,0,1,0
BBB,2013J,565919,F,Scotland,Lower Than A Level,60-70%,0-35,0,60,N,Pass,-88.0,444,17,22,26.11764705882353,1,72.0,0,1,0
BBB,2013J,566133,F,East Anglian Region,A Level or Equivalent,60-70%,0-35,0,60,N,Distinction,-149.0,108,11,18,9.818181818181818,1,66.0,0,1,0
BBB,2013J,566339,F,East Midlands Region,A Level or Equivalent,20-30%,0-35,0,60,Y,Pass,-43.0,50,5,11,10.0,1,53.0,1,1,0
BBB,2013J,566346,F,Scotland,HE Qualification,40-50%,35-55,0,60,N,Distinction,-107.0,903,30,9,30.1,1,77.0,0,1,0
BBB,2013J,566358,F,East Anglian Region,A Level or Equivalent,70-80%,0-35,0,120,N,Fail,-125.0,180,12,16,15.0,1,70.0,0,1,1
BBB,2013J,566369,F,West Midlands Region,A Level or Equivalent,10-20,35-55,0,60,N,Pass,-25.0,171,11,19,15.545454545454545,1,79.0,0,1,0
BBB,2013J,566392,F,North Western Region,Lower Than A Level,20-30%,35-55,0,150,Y,Fail,-144.0,371,21,39,17.666666666666668,1,82.0,0,1,1
BBB,2013J,566407,M,East Midlands Region,A Level or Equivalent,20-30%,0-35,0,60,N,Pass,-43.0,137,11,26,12.454545454545455,1,79.0,0,1,0
BBB,2013J,566415,F,East Midlands Region,Lower Than A Level,90-100%,0-35,0,60,N,Pass,-22.0,21,1,3,21.0,1,69.0,1,1,0
BBB,2013J,566720,F,Wales,Lower Than A Level,0-10%,35-55,0,60,N,Pass,-67.0,86,7,9,12.285714285714286,1,79.0,0,1,0
BBB,2013J,566813,F,East Anglian Region,A Level or Equivalent,30-40%,0-35,0,60,N,Pass,-63.0,1,1,1,1.0,1,85.0,0,1,0
BBB,2013J,566814,F,Wales,A Level or Equivalent,60-70%,0-35,0,60,N,Pass,-158.0,155,6,13,25.833333333333332,1,88.0,0,1,0
BBB,2013J,567013,M,East Anglian Region,Lower Than A Level,30-40%,35-55,0,60,Y,Fail,-17.0,0,0,0,0.0,1,49.0,1,1,1
BBB,2013J,567033,F,London Region,A Level or Equivalent,40-50%,0-35,0,120,Y,Distinction,-101.0,151,15,16,10.066666666666666,1,75.0,0,1,0
BBB,2013J,567160,F,East Anglian Region,A Level or Equivalent,30-40%,0-35,0,60,N,Fail,-20.0,11,2,6,5.5,1,65.0,1,1,1
BBB,2013J,567262,M,South Region,HE Qualification,60-70%,0-35,0,60,N,Pass,-43.0,48,4,9,12.0,1,80.0,0,1,0
BBB,2013J,567363,F,East Anglian Region,HE Qualification,50-60%,0-35,0,90,N,Pass,-27.0,58,5,13,11.6,1,80.0,0,1,0
BBB,2013J,567402,F,East Anglian Region,A Level or Equivalent,60-70%,35-55,0,60,Y,Pass,-100.0,49,11,9,4.454545454545454,1,49.0,0,1,0
BBB,2013J,567429,F,East Midlands Region,Lower Than A Level,60-70%,0-35,0,60,N,Pass,-149.0,45,4,11,11.25,1,79.0,0,1,0
BBB,2013J,567500,F,Ireland,A Level or Equivalent,10-20,0-35,0,60,N,Distinction,-2.0,405,21,44,19.285714285714285,1,70.0,0,1,0
BBB,2013J,567627,F,Wales,Lower Than A Level,60-70%,0-35,0,120,N,Pass,-144.0,59,9,8,6.555555555555555,1,77.0,0,1,0
BBB,2013J,567754,F,East Midlands Region,A Level or Equivalent,50-60%,0-35,0,120,N,Pass,-9.0,362,20,20,18.1,1,92.0,0,1,0
BBB,2013J,567915,F,South Region,A Level or Equivalent,30-40%,35-55,0,60,N,Fail,-136.0,12,4,2,3.0,1,40.0,0,1,1
BBB,2013J,567929,F,Yorkshire Region,A Level or Equivalent,10-20,35-55,0,60,N,Fail,-28.0,426,17,30,25.058823529411764,1,83.0,0,1,1
BBB,2013J,567958,M,West Midlands Region,Lower Than A Level,0-10%,35-55,0,60,Y,Pass,-134.0,79,7,10,11.285714285714286,1,88.0,0,1,0
BBB,2013J,567979,F,Scotland,A Level or Equivalent,10-20,0-35,0,60,N,Pass,-31.0,10,2,7,5.0,1,73.0,0,1,0
BBB,2013J,568074,F,Wales,A Level or Equivalent,40-50%,0-35,0,120,N,Pass,-35.0,134,10,15,13.4,1,80.0,0,1,0
BBB,2013J,568370,F,West Midlands Region,A Level or Equivalent,20-30%,35-55,0,120,N,Withdrawn,-106.0,682,23,46,29.652173913043477,1,77.0,0,1,1
BBB,2013J,568474,F,South Region,A Level or Equivalent,60-70%,35-55,0,120,N,Pass,-141.0,48,6,18,8.0,1,64.0,0,1,0
BBB,2013J,568502,F,London Region,HE Qualification,40-50%,0-35,0,120,N,Pass,-32.0,43,6,10,7.166666666666667,1,57.0,1,1,0
BBB,2013J,568533,F,North Western Region,Lower Than A Level,40-50%,0-35,0,90,N,Distinction,-63.0,18,1,8,18.0,1,67.0,0,1,0
BBB,2013J,568609,M,London Region,HE Qualification,20-30%,55<=,0,60,N,Withdrawn,-44.0,24,7,2,3.4285714285714284,1,91.0,0,1,1
BBB,2013J,568775,F,East Midlands Region,Lower Than A Level,30-40%,0-35,0,60,N,Withdrawn,-179.0,64,4,12,16.0,1,57.0,1,1,1
BBB,2013J,569035,F,East Anglian Region,A Level or Equivalent,50-60%,35-55,0,60,N,Pass,-72.0,234,20,21,11.7,1,80.0,0,1,0
BBB,2013J,569141,F,Wales,Lower Than A Level,10-20,0-35,0,60,N,Pass,-191.0,12,3,5,4.0,1,65.0,0,1,0
BBB,2013J,569334,F,South Region,A Level or Equivalent,30-40%,0-35,0,120,N,Fail,-149.0,13,1,3,13.0,0,,0,0,1
BBB,2013J,569854,F,South Region,A Level or Equivalent,70-80%,0-35,0,60,N,Pass,-144.0,63,8,6,7.875,1,75.0,0,1,0
BBB,2013J,569862,M,South East Region,HE Qualification,60-70%,0-35,0,60,N,Pass,-51.0,170,12,24,14.166666666666666,1,74.0,0,1,0
BBB,2013J,569930,F,Yorkshire Region,A Level or Equivalent,10-20,0-35,0,90,N,Pass,-92.0,344,19,17,18.105263157894736,1,85.0,0,1,0
BBB,2013J,570137,F,Scotland,Lower Than A Level,70-80%,35-55,0,60,N,Pass,-107.0,131,11,18,11.909090909090908,1,81.0,0,1,0
BBB,2013J,570157,F,North Western Region,A Level or Equivalent,80-90%,35-55,0,60,N,Pass,-85.0,225,10,9,22.5,1,85.0,0,1,0
BBB,2013J,570168,F,South West Region,No Formal quals,30-40%,0-35,0,90,N,Pass,-120.0,3868,31,81,124.7741935483871,1,72.0,0,1,0
BBB,2013J,570271,F,South Region,A Level or Equivalent,90-100%,0-35,0,120,N,Pass,-144.0,248,20,15,12.4,1,77.0,0,1,0
BBB,2013J,570287,F,Ireland,Lower Than A Level,40-50%,0-35,0,75,N,Pass,-24.0,188,9,21,20.88888888888889,1,60.0,0,1,0
BBB,2013J,570351,M,South Region,A Level or Equivalent,0-10%,0-35,0,60,N,Pass,-193.0,63,6,12,10.5,0,,0,0,0
BBB,2013J,570519,F,East Midlands Region,A Level or Equivalent,0-10%,0-35,0,60,N,Fail,-154.0,33,2,10,16.5,1,38.0,0,1,1
BBB,2013J,570623,F,North Region,A Level or Equivalent,50-60%,35-55,0,60,N,Pass,-109.0,585,20,17,29.25,1,87.0,0,1,0
BBB,2013J,570759,F,London Region,A Level or Equivalent,10-20,0-35,0,60,N,Pass,-158.0,229,9,15,25.444444444444443,1,80.0,0,1,0
BBB,2013J,570783,F,South Region,Lower Than A Level,30-40%,0-35,0,60,N,Pass,-156.0,133,8,16,16.625,1,78.0,0,1,0
BBB,2013J,570864,F,Wales,Lower Than A Level,80-90%,0-35,0,60,N,Pass,-15.0,97,12,13,8.083333333333334,1,85.0,0,1,0
BBB,2013J,571083,F,Yorkshire Region,A Level or Equivalent,60-70%,0-35,0,60,N,Pass,-49.0,118,11,20,10.727272727272727,1,70.0,0,1,0
BBB,2013J,571143,F,North Region,A Level or Equivalent,0-10%,35-55,0,75,N,Fail,-144.0,0,0,0,0.0,0,,0,0,1
BBB,2013J,571441,F,Scotland,HE Qualification,30-40%,35-55,0,60,N,Pass,-92.0,125,12,18,10.416666666666666,1,73.0,0,1,0
BBB,2013J,571503,F,Wales,Lower Than A Level,20-30%,0-35,0,60,N,Pass,-65.0,46,3,10,15.333333333333334,1,66.0,0,1,0
BBB,2013J,571516,F,South Region,A Level or Equivalent,40-50%,35-55,0,60,N,Pass,-108.0,322,15,22,21.466666666666665,1,93.0,0,1,0
BBB,2013J,571554,M,Yorkshire Region,A Level or Equivalent,0-10%,0-35,0,60,N,Pass,-28.0,412,26,21,15.846153846153847,1,70.0,0,1,0
BBB,2013J,571672,F,North Western Region,Lower Than A Level,0-10%,35-55,0,60,N,Fail,-31.0,29,1,11,29.0,0,,0,0,1
BBB,2013J,571681,F,Ireland,HE Qualification,0-10%,0-35,0,60,N,Pass,-191.0,298,27,9,11.037037037037036,1,73.0,0,1,0
BBB,2013J,571693,F,Wales,Lower Than A Level,20-30%,35-55,0,60,N,Fail,-94.0,117,5,18,23.4,1,67.0,0,1,1
BBB,2013J,571779,F,East Midlands Region,A Level or Equivalent,60-70%,35-55,0,60,N,Pass,-35.0,119,5,21,23.8,1,62.0,0,1,0
BBB,2013J,571871,F,South East Region,A Level or Equivalent,30-40%,0-35,0,120,N,Pass,-164.0,85,9,26,9.444444444444445,1,69.0,0,1,0
BBB,2013J,571885,F,Scotland,Lower Than A Level,40-50%,0-35,0,60,N,Pass,-66.0,175,20,14,8.75,1,70.0,0,1,0
BBB,2013J,571907,F,Scotland,A Level or Equivalent,0-10%,0-35,0,60,N,Pass,-109.0,82,8,7,10.25,1,78.0,0,1,0
BBB,2013J,572051,F,East Anglian Region,A Level or Equivalent,50-60%,35-55,0,60,N,Pass,-138.0,44,3,18,14.666666666666666,1,65.0,0,1,0
BBB,2013J,572067,F,North Region,A Level or Equivalent,0-10%,0-35,0,60,N,Pass,-149.0,227,15,19,15.133333333333333,1,76.0,0,1,0
BBB,2013J,572103,F,West Midlands Region,A Level or Equivalent,20-30%,0-35,0,60,N,Pass,-36.0,631,16,33,39.4375,1,85.0,0,1,0
BBB,2013J,572131,F,South West Region,A Level or Equivalent,10-20,0-35,0,120,N,Fail,-46.0,9,2,3,4.5,1,59.0,1,1,1
BBB,2013J,572163,F,Wales,Lower Than A Level,0-10%,0-35,0,60,N,Withdrawn,-85.0,105,6,18,17.5,1,80.0,0,1,1
BBB,2013J,572173,F,North Western Region,Lower Than A Level,0-10%,0-35,0,120,N,Fail,-31.0,11,2,5,5.5,0,,0,0,1
BBB,2013J,572277,M,Scotland,A Level or Equivalent,30-40%,0-35,0,60,N,Fail,-67.0,32,4,11,8.0,1,83.0,0,1,1
BBB,2013J,572302,M,South East Region,Lower Than A Level,30-40%,0-35,0,120,N,Withdrawn,-149.0,128,15,23,8.533333333333333,1,60.0,0,1,1
BBB,2013J,572416,F,London Region,A Level or Equivalent,30-40%,0-35,0,60,Y,Pass,-149.0,120,7,12,17.142857142857142,1,70.0,0,1,0
BBB,2013J,572436,F,North Western Region,A Level or Equivalent,10-20,0-35,0,180,N,Distinction,-1.0,106,9,18,11.777777777777779,1,85.0,0,1,0
BBB,2013J,572447,F,Wales,A Level or Equivalent,30-40%,0-35,0,60,N,Pass,-44.0,2,2,1,1.0,1,84.0,0,1,0
BBB,2013J,572495,F,Yorkshire Region,A Level or Equivalent,10-20,0-35,0,120,N,Withdrawn,-149.0,270,21,18,12.857142857142858,1,64.0,0,1,1
BBB,2013J,572504,F,Yorkshire Region,A Level or Equivalent,10-20,0-35,0,60,N,Pass,-195.0,68,11,16,6.181818181818182,1,68.0,0,1,0
BBB,2013J,572508,F,South Region,Lower Than A Level,10-20,0-35,0,60,N,Pass,-157.0,181,17,24,10.647058823529411,1,75.0,0,1,0
BBB,2013J,572514,F,Wales,A Level or Equivalent,40-50%,0-35,0,60,N,Fail,-38.0,43,6,8,7.166666666666667,1,74.0,0,1,1
BBB,2013J,572733,F,North Western Region,A Level or Equivalent,60-70%,0-35,0,120,N,Pass,-96.0,168,11,17,15.272727272727273,1,85.0,0,1,0
BBB,2013J,572739,F,Wales,Lower Than A Level,40-50%,0-35,0,120,N,Withdrawn,-32.0,1,1,1,1.0,1,78.0,0,1,1
BBB,2013J,572752,F,London Region,HE Qualification,90-100%,35-55,0,60,N,Pass,-191.0,21,4,5,5.25,1,74.0,0,1,0
BBB,2013J,572765,F,North Region,Lower Than A Level,20-30%,0-35,0,60,N,Pass,-138.0,36,8,9,4.5,1,72.0,0,1,0
BBB,2013J,572770,F,East Midlands Region,Lower Than A Level,60-70%,0-35,0,120,N,Withdrawn,-179.0,0,0,0,0.0,0,,0,0,1
BBB,2013J,572898,F,Wales,A Level or Equivalent,90-100%,0-35,0,120,N,Distinction,-176.0,93,5,10,18.6,1,88.0,0,1,0
BBB,2013J,572918,F,South Region,A Level or Equivalent,90-100%,0-35,0,120,N,Fail,-149.0,120,11,20,10.909090909090908,1,78.0,0,1,1
BBB,2013J,572937,F,North Western Region,A Level or Equivalent,60-70%,35-55,0,60,N,Fail,-88.0,19,1,5,19.0,1,74.0,1,1,1
BBB,2013J,573043,F,East Anglian Region,A Level or Equivalent,20-30%,0-35,0,60,N,Pass,-32.0,166,14,20,11.857142857142858,1,65.0,0,1,0
BBB,2013J,573063,F,North Region,Lower Than A Level,0-10%,0-35,0,60,N,Pass,-107.0,79,7,15,11.285714285714286,1,60.0,0,1,0
BBB,2013J,573159,F,West Midlands Region,A Level or Equivalent,,0-35,0,120,N,Withdrawn,-191.0,133,18,17,7.388888888888889,1,61.0,0,1,1
BBB,2013J,573208,F,Wales,Lower Than A Level,30-40%,0-35,0,60,Y,Pass,-96.0,82,8,11,10.25,1,73.0,0,1,0
BBB,2013J,573217,F,South Region,Lower Than A Level,90-100%,0-35,0,120,N,Fail,-28.0,151,8,14,18.875,1,70.0,0,1,1
BBB,2013J,573223,M,South West Region,A Level or Equivalent,20-30%,35-55,0,60,N,Fail,-129.0,0,0,0,0.0,0,,0,0,1
BBB,2013J,573225,F,Wales,Lower Than A Level,50-60%,0-35,0,60,N,Fail,-49.0,59,5,11,11.8,1,70.0,0,1,1
BBB,2013J,573275,F,Wales,Lower Than A Level,30-40%,0-35,0,60,Y,Fail,-29.0,16,1,8,16.0,0,,0,0,1
BBB,2013J,573321,F,Scotland,Lower Than A Level,0-10%,0-35,0,60,N,Fail,-46.0,0,0,0,0.0,0,,0,0,1
BBB,2013J,573411,F,North Western Region,A Level or Equivalent,50-60%,0-35,0,60,N,Pass,-143.0,120,16,19,7.5,1,80.0,0,1,0
BBB,2013J,573433,F,Wales,HE Qualification,20-30%,35-55,0,60,N,Pass,-120.0,272,19,26,14.31578947368421,1,76.0,0,1,0
BBB,2013J,573441,F,Yorkshire Region,Lower Than A Level,0-10%,0-35,0,60,N,Withdrawn,-51.0,181,13,16,13.923076923076923,1,56.0,0,1,1
BBB,2013J,573453,F,South Region,Lower Than A Level,40-50%,0-35,0,60,N,Pass,-130.0,261,18,22,14.5,1,68.0,0,1,0
BBB,2013J,573487,F,London Region,Lower Than A Level,10-20,0-35,0,90,N,Fail,-30.0,32,3,8,10.666666666666666,1,55.0,1,1,1
BBB,2013J,573519,F,South East Region,A Level or Equivalent,70-80%,0-35,0,60,N,Distinction,-154.0,15,2,4,7.5,1,75.0,0,1,0
BBB,2013J,573578,F,East Anglian Region,A Level or Equivalent,50-60%,0-35,0,60,N,Pass,-66.0,190,8,22,23.75,1,81.0,0,1,0
BBB,2013J,573654,F,West Midlands Region,A Level or Equivalent,80-90%,0-35,0,60,N,Pass,-136.0,313,14,11,22.357142857142858,1,85.0,0,1,0
BBB,2013J,573694,F,Wales,A Level or Equivalent,70-80%,35-55,0,180,N,Withdrawn,-30.0,3,2,2,1.5,1,77.0,0,1,1
BBB,2013J,573777,F,East Anglian Region,A Level or Equivalent,40-50%,0-35,0,120,N,Pass,-86.0,121,17,12,7.117647058823529,1,87.0,0,1,0
BBB,2013J,573790,F,Wales,HE Qualification,50-60%,0-35,0,60,N,Pass,-92.0,114,8,14,14.25,1,65.0,0,1,0
BBB,2013J,573821,F,West Midlands Region,A Level or Equivalent,50-60%,0-35,0,60,N,Pass,-165.0,139,9,13,15.444444444444445,1,73.0,0,1,0
BBB,2013J,573831,F,East Midlands Region,Lower Than A Level,0-10%,0-35,0,60,Y,Pass,-162.0,90,7,10,12.857142857142858,1,75.0,0,1,0
BBB,2013J,573893,F,East Anglian Region,HE Qualification,20-30%,35-55,0,60,N,Fail,-67.0,106,7,18,15.142857142857142,1,60.0,0,1,1
BBB,2013J,573986,F,West Midlands Region,Lower Than A Level,0-10%,0-35,0,60,N,Pass,-53.0,20,2,8,10.0,1,78.0,0,1,0
BBB,2013J,574002,F,South Region,Lower Than A Level,20-30%,0-35,0,120,N,Fail,-143.0,495,20,27,24.75,1,60.0,0,1,1
BBB,2013J,574051,F,Wales,Lower Than A Level,0-10%,35-55,0,120,N,Fail,-92.0,155,14,12,11.071428571428571,1,33.0,0,1,1
BBB,2013J,574065,F,Ireland,A Level or Equivalent,40-50%,0-35,0,120,N,Distinction,-144.0,8,2,4,4.0,1,83.0,0,1,0
BBB,2013J,574125,F,South Region,A Level or Equivalent,10-20,0-35,0,120,N,Pass,-190.0,29,6,5,4.833333333333333,1,76.0,0,1,0
BBB,2013J,574194,F,North Western Region,A Level or Equivalent,10-20,0-35,0,60,N,Pass,-120.0,256,11,22,23.272727272727273,1,77.0,0,1,0
BBB,2013J,574212,F,Scotland,A Level or Equivalent,50-60%,0-35,0,60,N,Distinction,-88.0,1151,28,24,41.107142857142854,1,87.0,0,1,0
BBB,2013J,574250,F,East Anglian Region,Lower Than A Level,90-100%,0-35,0,60,N,Pass,-57.0,367,24,27,15.291666666666666,1,66.0,0,1,0
BBB,2013J,574320,M,Scotland,A Level or Equivalent,70-80%,35-55,0,60,N,Distinction,-73.0,432,17,19,25.41176470588235,1,95.0,0,1,0
BBB,2013J,574348,F,East Anglian Region,A Level or Equivalent,70-80%,35-55,0,120,Y,Pass,-57.0,613,26,39,23.576923076923077,1,95.0,0,1,0
BBB,2013J,574549,F,Scotland,Lower Than A Level,0-10%,0-35,0,60,N,Pass,-109.0,66,7,8,9.428571428571429,1,73.0,0,1,0
BBB,2013J,574648,F,East Anglian Region,A Level or Equivalent,40-50%,35-55,0,60,N,Distinction,-144.0,85,9,11,9.444444444444445,1,72.0,0,1,0
BBB,2013J,574708,M,Wales,Lower Than A Level,0-10%,0-35,0,60,Y,Fail,-136.0,87,6,21,14.5,1,77.0,0,1,1
BBB,2013J,574766,F,West Midlands Region,A Level or Equivalent,0-10%,0-35,0,120,N,Fail,-184.0,211,9,24,23.444444444444443,1,62.0,0,1,1
BBB,2013J,574810,F,Wales,A Level or Equivalent,90-100%,0-35,0,60,N,Withdrawn,-29.0,0,0,0,0.0,1,64.0,1,1,1
BBB,2013J,574973,F,West Midlands Region,A Level or Equivalent,20-30%,0-35,0,180,N,Pass,-58.0,176,23,12,7.6521739130434785,1,76.0,0,1,0
BBB,2013J,575018,F,Wales,Lower Than A Level,80-90%,0-35,0,60,N,Pass,-124.0,59,7,4,8.428571428571429,1,85.0,0,1,0
BBB,2013J,575089,F,South West Region,A Level or Equivalent,0-10%,0-35,0,120,N,Fail,-149.0,33,4,10,8.25,1,71.0,0,1,1
BBB,2013J,575100,F,London Region,Lower Than A Level,30-40%,0-35,0,120,N,Fail,-88.0,6,1,4,6.0,1,62.0,1,1,1
BBB,2013J,575124,M,South Region,Lower Than A Level,60-70%,35-55,0,120,N,Pass,-149.0,219,25,19,8.76,1,82.0,0,1,0
BBB,2013J,575281,F,South Region,Lower Than A Level,40-50%,0-35,0,60,N,Fail,-31.0,8,4,5,2.0,1,74.0,0,1,1
BBB,2013J,575290,M,Scotland,Lower Than A Level,60-70%,35-55,0,120,Y,Pass,-67.0,256,12,11,21.333333333333332,1,74.0,0,1,0
BBB,2013J,575387,F,South Region,Lower Than A Level,40-50%,0-35,0,60,N,Pass,-148.0,401,20,18,20.05,2,66.5,0,1,0
BBB,2013J,575423,F,West Midlands Region,A Level or Equivalent,80-90%,0-35,0,180,N,Withdrawn,-144.0,65,10,10,6.5,0,,0,0,1
BBB,2013J,575480,F,Wales,Lower Than A Level,60-70%,0-35,0,60,N,Fail,-3.0,17,1,2,17.0,0,,0,0,1
BBB,2013J,575560,F,East Anglian Region,A Level or Equivalent,90-100%,35-55,0,60,N,Distinction,-144.0,90,9,4,10.0,1,77.0,0,1,0
BBB,2013J,575681,F,North Western Region,Lower Than A Level,70-80%,35-55,0,60,N,Pass,-117.0,151,12,16,12.583333333333334,1,77.0,0,1,0
BBB,2013J,575897,F,Scotland,Lower Than A Level,40-50%,0-35,0,60,N,Fail,-29.0,0,0,0,0.0,0,,0,0,1
BBB,2013J,575927,F,East Midlands Region,HE Qualification,70-80%,0-35,0,120,N,Withdrawn,-130.0,69,11,9,6.2727272727272725,1,87.0,0,1,1
BBB,2013J,575929,F,South Region,Lower Than A Level,40-50%,0-35,0,120,N,Fail,-136.0,183,11,25,16.636363636363637,1,61.0,0,1,1
BBB,2013J,575930,F,East Anglian Region,Lower Than A Level,90-100%,0-35,0,60,N,Pass,-136.0,112,6,16,18.666666666666668,1,76.0,0,1,0
BBB,2013J,575982,M,Wales,A Level or Equivalent,40-50%,35-55,0,60,N,Fail,-30.0,20,2,6,10.0,1,78.0,0,1,1
BBB,2013J,576158,F,Wales,Lower Than A Level,0-10%,0-35,0,120,N,Pass,-109.0,56,6,6,9.333333333333334,1,80.0,0,1,0
BBB,2013J,576226,F,Ireland,HE Qualification,60-70%,0-35,0,60,N,Fail,-92.0,56,6,7,9.333333333333334,1,77.0,0,1,1
BBB,2013J,576483,F,South Region,A Level or Equivalent,70-80%,35-55,0,60,N,Pass,-101.0,126,7,14,18.0,1,70.0,0,1,0
BBB,2013J,576524,F,Scotland,A Level or Equivalent,60-70%,0-35,0,60,N,Fail,-79.0,148,10,19,14.8,1,65.0,0,1,1
BBB,2013J,576600,F,London Region,HE Qualification,30-40%,35-55,0,60,N,Pass,-67.0,452,17,24,26.58823529411765,1,73.0,0,1,0
BBB,2013J,576714,M,Ireland,Lower Than A Level,40-50%,0-35,0,60,N,Withdrawn,-25.0,205,9,17,22.77777777777778,1,70.0,0,1,1
BBB,2013J,576815,F,North Western Region,Lower Than A Level,40-50%,0-35,0,60,N,Fail,-134.0,18,3,4,6.0,1,52.0,0,1,1
BBB,2013J,576841,M,Yorkshire Region,Lower Than A Level,10-20,35-55,0,120,N,Pass,-130.0,143,15,21,9.533333333333333,1,85.0,0,1,0
BBB,2013J,576882,F,North Western Region,Lower Than A Level,0-10%,0-35,0,150,N,Fail,-72.0,60,13,18,4.615384615384615,1,67.0,0,1,1
BBB,2013J,576935,F,East Midlands Region,A Level or Equivalent,80-90%,0-35,0,180,N,Fail,-107.0,254,24,22,10.583333333333334,1,84.0,0,1,1
BBB,2013J,576940,F,South Region,A Level or Equivalent,80-90%,35-55,0,60,N,Pass,-116.0,1242,24,20,51.75,1,72.0,0,1,0
BBB,2013J,576946,F,Ireland,A Level or Equivalent,10-20,0-35,0,60,N,Pass,-174.0,211,14,28,15.071428571428571,1,84.0,0,1,0
BBB,2013J,576947,F,Wales,Lower Than A Level,80-90%,0-35,0,60,N,Fail,-31.0,8,1,4,8.0,1,62.0,0,1,1
BBB,2013J,576981,F,North Region,A Level or Equivalent,0-10%,0-35,0,60,N,Pass,-123.0,134,12,15,11.166666666666666,1,70.0,0,1,0
BBB,2013J,576983,F,Wales,Lower Than A Level,90-100%,0-35,0,60,N,Withdrawn,-31.0,78,5,13,15.6,1,82.0,0,1,1
BBB,2013J,576996,F,East Midlands Region,Lower Than A Level,80-90%,0-35,0,120,N,Withdrawn,-177.0,25,2,14,12.5,0,,0,0,1
BBB,2013J,577007,F,East Anglian Region,Lower Than A Level,40-50%,0-35,0,60,Y,Withdrawn,-109.0,13,1,6,13.0,0,,0,0,1
BBB,2013J,577049,F,Ireland,Lower Than A Level,60-70%,35-55,0,60,N,Withdrawn,-24.0,0,0,0,0.0,0,,0,0,1
BBB,2013J,577069,F,London Region,HE Qualification,10-20,0-35,0,60,N,Distinction,-44.0,189,13,19,14.538461538461538,1,70.0,1,1,0
BBB,2013J,577096,F,North Western Region,A Level or Equivalent,30-40%,0-35,0,120,N,Distinction,-142.0,375,15,22,25.0,1,90.0,0,1,0
BBB,2013J,577099,F,West Midlands Region,Lower Than A Level,20-30%,35-55,0,60,N,Pass,-149.0,232,16,17,14.5,1,69.0,0,1,0
BBB,2013J,577256,F,West Midlands Region,A Level or Equivalent,0-10%,0-35,0,120,N,Pass,-53.0,30,6,9,5.0,1,59.0,0,1,0
BBB,2013J,577280,F,Wales,A Level or Equivalent,40-50%,0-35,0,150,N,Pass,-63.0,112,9,7,12.444444444444445,1,63.0,0,1,0
BBB,2013J,577286,M,East Anglian Region,Lower Than A Level,40-50%,35-55,0,120,N,Pass,-38.0,61,6,9,10.166666666666666,1,70.0,0,1,0
BBB,2013J,577347,F,Ireland,Lower Than A Level,20-30%,35-55,0,60,N,Fail,-108.0,6,2,3,3.0,0,,0,0,1
BBB,2013J,577376,F,Ireland,A Level or Equivalent,0-10%,0-35,0,90,Y,Pass,-92.0,208,19,9,10.947368421052632,1,79.0,0,1,0
BBB,2013J,577498,F,South Region,Lower Than A Level,20-30%,0-35,0,60,N,Fail,-96.0,263,11,15,23.90909090909091,1,64.0,0,1,1
BBB,2013J,577648,F,North Western Region,Lower Than A Level,50-60%,35-55,0,120,N,Fail,-106.0,202,28,28,7.214285714285714,1,50.0,0,1,1
BBB,2013J,577659,F,Ireland,Lower Than A Level,,0-35,0,60,N,Withdrawn,-132.0,48,3,15,16.0,1,45.0,0,1,1
BBB,2013J,577680,F,Scotland,Lower Than A Level,80-90%,0-35,0,60,N,Pass,-65.0,268,24,16,11.166666666666666,1,75.0,0,1,0
BBB,2013J,577692,F,West Midlands Region,Lower Than A Level,40-50%,0-35,0,120,N,Fail,-96.0,56,11,12,5.090909090909091,1,68.0,0,1,1
BBB,2013J,577824,F,West Midlands Region,A Level or Equivalent,80-90%,35-55,0,60,N,Distinction,-120.0,0,0,0,0.0,1,71.0,0,1,0
BBB,2013J,577905,F,South West Region,Lower Than A Level,0-10%,0-35,0,120,N,Withdrawn,-72.0,4,2,4,2.0,1,48.0,0,1,1
BBB,2013J,577914,F,South East Region,A Level or Equivalent,50-60%,0-35,0,120,N,Distinction,-122.0,398,16,25,24.875,1,87.0,0,1,0
BBB,2013J,577915,F,Scotland,Lower Than A Level,50-60%,35-55,0,60,N,Pass,-16.0,78,5,20,15.6,1,70.0,0,1,0
BBB,2013J,577949,M,West Midlands Region,Lower Than A Level,,0-35,0,120,N,Fail,-115.0,0,0,0,0.0,0,,0,0,1
BBB,2013J,577980,F,South Region,A Level or Equivalent,0-10%,0-35,0,150,N,Pass,-85.0,86,12,10,7.166666666666667,1,60.0,0,1,0
BBB,2013J,578030,F,West Midlands Region,A Level or Equivalent,0-10%,0-35,0,120,N,Distinction,-113.0,79,7,11,11.285714285714286,1,93.0,0,1,0
BBB,2013J,578057,F,South East Region,Lower Than A Level,20-30%,0-35,0,60,N,Fail,-144.0,60,3,17,20.0,1,78.0,0,1,1
BBB,2013J,578062,F,West Midlands Region,Lower Than A Level,10-20,0-35,0,60,N,Fail,-123.0,5,2,3,2.5,1,74.0,0,1,1
BBB,2013J,578109,F,Scotland,A Level or Equivalent,10-20,0-35,0,60,N,Distinction,-96.0,124,8,16,15.5,1,71.0,0,1,0
BBB,2013J,578197,F,West Midlands Region,Lower Than A Level,10-20,0-35,0,120,N,Pass,-88.0,228,13,16,17.53846153846154,1,64.0,0,1,0
BBB,2013J,578362,F,East Anglian Region,A Level or Equivalent,40-50%,35-55,0,120,N,Fail,-149.0,102,12,15,8.5,1,77.0,0,1,1
BBB,2013J,578447,M,South East Region,A Level or Equivalent,50-60%,0-35,0,60,Y,Pass,-109.0,8,1,8,8.0,1,64.0,0,1,0
BBB,2013J,578520,M,Ireland,Lower Than A Level,0-10%,0-35,0,60,N,Fail,-51.0,0,0,0,0.0,0,,0,0,1
BBB,2013J,578546,F,Yorkshire Region,A Level or Equivalent,70-80%,0-35,0,60,N,Pass,-35.0,171,7,26,24.428571428571427,1,65.0,0,1,0
BBB,2013J,578578,F,East Midlands Region,A Level or Equivalent,80-90%,35-55,0,120,N,Pass,-142.0,41,5,8,8.2,1,69.0,0,1,0
BBB,2013J,578600,F,East Anglian Region,Lower Than A Level,80-90%,0-35,0,60,N,Pass,-117.0,130,14,7,9.285714285714286,1,73.0,0,1,0
BBB,2013J,578676,F,East Anglian Region,Lower Than A Level,80-90%,0-35,0,60,N,Fail,-56.0,51,6,11,8.5,1,73.0,0,1,1
BBB,2013J,578717,F,East Anglian Region,A Level or Equivalent,30-40%,0-35,0,60,N,Pass,-164.0,144,12,23,12.0,1,68.0,0,1,0
BBB,2013J,578739,F,West Midlands Region,A Level or Equivalent,20-30%,0-35,0,60,N,Withdrawn,-121.0,3,1,2,3.0,0,,0,0,1
BBB,2013J,578854,F,Wales,HE Qualification,10-20,0-35,0,60,N,Withdrawn,-87.0,163,7,16,23.285714285714285,1,79.0,0,1,1
BBB,2013J,579255,F,Wales,Lower Than A Level,50-60%,0-35,0,135,N,Withdrawn,-38.0,98,9,10,10.88888888888889,1,78.0,0,1,1
BBB,2013J,579279,F,East Midlands Region,Lower Than A Level,20-30%,0-35,0,60,N,Pass,-101.0,148,8,11,18.5,1,70.0,0,1,0
BBB,2013J,579316,F,West Midlands Region,A Level or Equivalent,50-60%,0-35,0,60,N,Pass,-74.0,0,0,0,0.0,1,68.0,0,1,0
BBB,2013J,579486,M,East Anglian Region,Lower Than A Level,20-30%,35-55,0,60,N,Withdrawn,-117.0,10,1,5,10.0,0,,0,0,1
BBB,2013J,579549,F,North Western Region,A Level or Equivalent,20-30%,0-35,0,60,N,Pass,-29.0,60,7,13,8.571428571428571,1,81.0,0,1,0
BBB,2013J,579571,F,Yorkshire Region,Lower Than A Level,0-10%,0-35,0,60,N,Pass,-164.0,144,9,17,16.0,1,67.0,0,1,0
BBB,2013J,579575,F,Ireland,Lower Than A Level,30-40%,0-35,0,75,N,Pass,-24.0,54,7,11,7.714285714285714,1,57.0,0,1,0
BBB,2013J,579619,F,Ireland,Lower Than A Level,20-30%,0-35,0,90,N,Pass,-63.0,374,21,17,17.80952380952381,1,71.0,0,1,0
BBB,2013J,579718,F,Wales,Lower Than A Level,0-10%,35-55,0,60,N,Fail,-59.0,10,2,3,5.0,0,,0,0,1
BBB,2013J,579762,F,East Midlands Region,HE Qualification,80-90%,35-55,0,60,N,Pass,-29.0,218,10,25,21.8,1,76.0,0,1,0
BBB,2013J,580094,F,North Region,Lower Than A Level,10-20,0-35,0,120,N,Pass,-144.0,574,29,16,19.79310344827586,1,85.0,0,1,0
BBB,2013J,580314,F,North Western Region,A Level or Equivalent,0-10%,35-55,0,60,N,Fail,-74.0,6,1,6,6.0,0,,0,0,1
BBB,2013J,580346,F,South East Region,A Level or Equivalent,90-100%,35-55,0,60,N,Pass,-158.0,2698,31,20,87.03225806451613,1,79.0,0,1,0
BBB,2013J,580360,F,East Anglian Region,Lower Than A Level,10-20,0-35,0,60,N,Pass,-116.0,25,3,8,8.333333333333334,1,67.0,0,1,0
BBB,2013J,580412,F,North Region,Lower Than A Level,20-30%,0-35,0,120,N,Withdrawn,-109.0,37,5,9,7.4,1,85.0,0,1,1
BBB,2013J,580540,F,South East Region,A Level or Equivalent,10-20,0-35,0,120,Y,Pass,-59.0,93,12,21,7.75,1,60.0,0,1,0
BBB,2013J,580592,F,West Midlands Region,Lower Than A Level,30-40%,0-35,0,60,N,Withdrawn,-51.0,97,9,16,10.777777777777779,1,48.0,0,1,1
BBB,2013J,580612,F,North Region,Lower Than A Level,30-40%,0-35,0,60,N,Pass,-154.0,411,15,19,27.4,1,85.0,0,1,0
BBB,2013J,580646,F,London Region,A Level or Equivalent,30-40%,0-35,0,60,N,Distinction,-74.0,166,15,21,11.066666666666666,1,77.0,0,1,0
BBB,2013J,580684,F,North Western Region,A Level or Equivalent,10-20,0-35,0,120,N,Fail,-148.0,30,8,3,3.75,1,73.0,0,1,1
BBB,2013J,580880,M,Ireland,A Level or Equivalent,20-30%,0-35,0,75,N,Pass,-72.0,273,20,21,13.65,1,72.0,0,1,0
BBB,2013J,580883,F,Ireland,HE Qualification,60-70%,0-35,0,60,N,Pass,-35.0,587,22,31,26.681818181818183,1,71.0,0,1,0
BBB,2013J,580960,F,South West Region,A Level or Equivalent,10-20,35-55,0,120,N,Pass,-95.0,412,12,16,34.333333333333336,1,72.0,0,1,0
BBB,2013J,580975,F,Ireland,HE Qualification,50-60%,0-35,0,60,N,Fail,-8.0,120,7,14,17.142857142857142,1,92.0,0,1,1
BBB,2013J,581027,F,Wales,Lower Than A Level,30-40%,0-35,0,90,N,Fail,-101.0,91,8,14,11.375,0,,0,0,1
BBB,2013J,581038,F,East Midlands Region,Lower Than A Level,30-40%,0-35,0,120,N,Fail,-149.0,350,23,19,15.217391304347826,1,54.0,0,1,1
BBB,2013J,581139,F,London Region,Lower Than A Level,70-80%,35-55,0,60,N,Pass,-102.0,32,4,12,8.0,1,73.0,0,1,0
BBB,2013J,581235,F,West Midlands Region,Lower Than A Level,90-100%,0-35,0,120,N,Withdrawn,-148.0,342,22,21,15.545454545454545,1,86.0,0,1,1
BBB,2013J,581305,F,East Midlands Region,A Level or Equivalent,50-60%,0-35,0,60,N,Fail,-149.0,2,1,1,2.0,1,71.0,0,1,1
BBB,2013J,581431,F,Ireland,Lower Than A Level,40-50%,0-35,0,75,N,Fail,-45.0,12,2,2,6.0,0,,0,0,1
BBB,2013J,581530,F,Scotland,A Level or Equivalent,20-30%,0-35,0,60,N,Pass,-107.0,47,4,12,11.75,1,70.0,0,1,0
BBB,2013J,581586,F,West Midlands Region,HE Qualification,0-10%,0-35,0,120,N,Pass,-142.0,90,12,9,7.5,1,70.0,0,1,0
BBB,2013J,581625,F,Scotland,Lower Than A Level,50-60%,0-35,0,60,N,Fail,-31.0,114,9,13,12.666666666666666,1,75.0,0,1,1
BBB,2013J,581657,F,Yorkshire Region,Lower Than A Level,70-80%,35-55,0,60,N,Pass,-148.0,147,11,19,13.363636363636363,1,65.0,0,1,0
BBB,2013J,581826,M,Wales,A Level or Equivalent,20-30%,0-35,0,60,Y,Withdrawn,-51.0,36,7,12,5.142857142857143,0,,0,0,1
BBB,2013J,582093,F,East Midlands Region,Lower Than A Level,50-60%,35-55,0,60,N,Fail,-18.0,18,3,4,6.0,1,56.0,0,1,1
BBB,2013J,582123,F,South West Region,A Level or Equivalent,80-90%,0-35,0,60,N,Pass,-149.0,15,3,5,5.0,1,79.0,0,1,0
BBB,2013J,582182,M,Wales,Lower Than A Level,70-80%,0-35,0,120,N,Fail,-28.0,0,0,0,0.0,0,,0,0,1
BBB,2013J,582184,F,North Western Region,Lower Than A Level,50-60%,0-35,0,120,N,Withdrawn,-102.0,113,12,14,9.416666666666666,1,87.0,0,1,1
BBB,2013J,582190,F,East Anglian Region,Lower Than A Level,70-80%,0-35,0,60,N,Fail,-107.0,284,14,11,20.285714285714285,1,62.0,0,1,1
BBB,2013J,582218,F,West Midlands Region,A Level or Equivalent,10-20,0-35,0,120,N,Fail,-108.0,40,3,10,13.333333333333334,1,46.0,0,1,1
BBB,2013J,582243,F,South West Region,Lower Than A Level,70-80%,35-55,0,60,N,Withdrawn,-49.0,85,5,16,17.0,1,70.0,0,1,1
BBB,2013J,582301,F,Wales,Lower Than A Level,80-90%,0-35,0,60,N,Fail,-44.0,77,6,9,12.833333333333334,1,72.0,0,1,1
BBB,2013J,582305,M,Wales,Lower Than A Level,90-100%,0-35,0,120,N,Pass,-46.0,440,23,13,19.130434782608695,1,87.0,0,1,0
BBB,2013J,582333,F,East Anglian Region,A Level or Equivalent,80-90%,0-35,0,120,N,Distinction,-42.0,157,21,14,7.476190476190476,1,93.0,0,1,0
BBB,2013J,582390,F,Ireland,A Level or Equivalent,0-10%,0-35,0,60,N,Pass,-90.0,123,9,13,13.666666666666666,1,74.0,0,1,0
BBB,2013J,582394,F,Wales,A Level or Equivalent,50-60%,35-55,0,75,N,Pass,-53.0,427,17,16,25.11764705882353,1,62.0,0,1,0
BBB,2013J,582406,F,Wales,A Level or Equivalent,60-70%,0-35,0,60,N,Pass,-28.0,30,5,9,6.0,1,75.0,0,1,0
BBB,2013J,582439,F,West Midlands Region,A Level or Equivalent,,0-35,0,60,N,Fail,-149.0,5,1,3,5.0,0,,0,0,1
BBB,2013J,582446,F,Yorkshire Region,HE Qualification,30-40%,35-55,0,60,N,Pass,-117.0,135,8,17,16.875,1,88.0,0,1,0
BBB,2013J,582474,F,Yorkshire Region,A Level or Equivalent,40-50%,35-55,0,60,N,Pass,-117.0,138,9,17,15.333333333333334,1,73.0,0,1,0
BBB,2013J,582574,F,Scotland,Lower Than A Level,90-100%,35-55,0,60,N,Pass,-28.0,296,20,21,14.8,1,68.0,0,1,0
BBB,2013J,582578,F,East Midlands Region,Lower Than A Level,80-90%,0-35,0,60,N,Pass,-109.0,185,13,17,14.23076923076923,1,70.0,0,1,0
BBB,2013J,582591,F,North Western Region,Lower Than A Level,0-10%,0-35,0,120,N,Fail,-144.0,1363,25,15,54.52,1,61.0,0,1,1
BBB,2013J,582636,F,North Region,A Level or Equivalent,0-10%,0-35,0,60,N,Pass,-29.0,74,2,22,37.0,1,60.0,1,1,0
BBB,2013J,582650,F,London Region,A Level or Equivalent,40-50%,35-55,0,60,N,Pass,-15.0,223,9,20,24.77777777777778,1,86.0,0,1,0
BBB,2013J,582833,M,Wales,Lower Than A Level,0-10%,35-55,0,60,N,Fail,-38.0,0,0,0,0.0,1,52.0,0,1,1
BBB,2013J,582878,F,North Western Region,A Level or Equivalent,30-40%,0-35,0,60,Y,Pass,-146.0,1,1,1,1.0,0,,0,0,0
BBB,2013J,582940,F,South East Region,Lower Than A Level,60-70%,35-55,0,60,N,Pass,-19.0,136,7,15,19.428571428571427,1,66.0,0,1,0
BBB,2013J,582958,F,Wales,HE Qualification,20-30%,35-55,0,180,N,Distinction,-8.0,596,23,31,25.91304347826087,1,90.0,0,1,0
BBB,2013J,582975,F,East Anglian Region,A Level or Equivalent,80-90%,0-35,0,60,N,Pass,-99.0,79,7,15,11.285714285714286,1,95.0,0,1,0
BBB,2013J,583007,M,Wales,Lower Than A Level,0-10%,0-35,0,60,Y,Fail,-51.0,1,1,1,1.0,0,,0,0,1
BBB,2013J,583012,F,South Region,Lower Than A Level,60-70%,0-35,0,60,Y,Pass,-142.0,12,2,7,6.0,1,61.0,0,1,0
BBB,2013J,583039,F,East Midlands Region,A Level or Equivalent,40-50%,0-35,0,60,N,Pass,-144.0,143,10,13,14.3,1,75.0,0,1,0
BBB,2013J,583098,F,East Midlands Region,Lower Than A Level,30-40%,35-55,0,60,N,Fail,-32.0,136,8,14,17.0,1,25.0,0,1,1
BBB,2013J,583113,F,Scotland,A Level or Equivalent,40-50%,0-35,0,120,N,Fail,-138.0,141,17,18,8.294117647058824,1,78.0,0,1,1
BBB,2013J,583142,F,East Anglian Region,Lower Than A Level,0-10%,0-35,0,60,N,Withdrawn,-138.0,84,17,17,4.9411764705882355,1,65.0,0,1,1
BBB,2013J,583170,M,South West Region,A Level or Equivalent,30-40%,0-35,0,60,N,Distinction,-129.0,181,12,15,15.083333333333334,1,87.0,0,1,0
BBB,2013J,583191,F,London Region,A Level or Equivalent,0-10%,0-35,0,60,N,Pass,-144.0,28,4,9,7.0,1,71.0,0,1,0
BBB,2013J,583240,F,South East Region,A Level or Equivalent,20-30%,0-35,0,120,Y,Fail,-143.0,111,10,10,11.1,1,68.0,0,1,1
BBB,2013J,583255,F,South Region,Lower Than A Level,50-60%,0-35,0,60,N,Withdrawn,-96.0,77,5,15,15.4,1,75.0,0,1,1
BBB,2013J,583301,F,South Region,Lower Than A Level,70-80%,0-35,0,120,N,Fail,-138.0,2,1,2,2.0,0,,0,0,1
BBB,2013J,583367,F,Yorkshire Region,A Level or Equivalent,90-100%,0-35,0,60,N,Fail,-138.0,2,1,2,2.0,0,,0,0,1
BBB,2013J,583433,F,Scotland,HE Qualification,80-90%,35-55,0,60,N,Pass,-130.0,994,25,21,39.76,1,73.0,0,1,0
BBB,2013J,583459,F,South East Region,Lower Than A Level,40-50%,0-35,0,120,N,Pass,-144.0,28,8,9,3.5,1,64.0,0,1,0
BBB,2013J,583473,M,South Region,Lower Than A Level,90-100%,35-55,0,120,N,Pass,-121.0,40,3,19,13.333333333333334,1,71.0,0,1,0
BBB,2013J,583534,F,North Western Region,A Level or Equivalent,0-10%,0-35,0,60,N,Fail,-50.0,34,1,15,34.0,0,,0,0,1
BBB,2013J,583598,F,West Midlands Region,Lower Than A Level,70-80%,0-35,0,60,N,Fail,-143.0,122,6,15,20.333333333333332,1,67.0,0,1,1
BBB,2013J,583609,F,East Anglian Region,Lower Than A Level,40-50%,0-35,0,90,N,Pass,-127.0,162,14,13,11.571428571428571,1,91.0,0,1,0
BBB,2013J,583645,F,East Midlands Region,A Level or Equivalent,50-60%,0-35,0,90,N,Pass,-87.0,99,9,7,11.0,1,76.0,0,1,0
BBB,2013J,583708,F,East Anglian Region,A Level or Equivalent,50-60%,35-55,0,60,N,Pass,-43.0,104,7,15,14.857142857142858,1,83.0,0,1,0
BBB,2013J,583873,M,North Western Region,Lower Than A Level,50-60%,35-55,0,180,N,Pass,-120.0,453,20,11,22.65,1,74.0,0,1,0
BBB,2013J,583964,F,London Region,Lower Than A Level,0-10%,35-55,0,60,N,Pass,-46.0,28,5,9,5.6,1,15.0,0,1,0
BBB,2013J,583970,F,East Midlands Region,A Level or Equivalent,80-90%,0-35,0,60,N,Distinction,-121.0,66,8,10,8.25,1,83.0,0,1,0
BBB,2013J,583977,M,Scotland,A Level or Equivalent,70-80%,35-55,0,60,N,Fail,-72.0,0,0,0,0.0,1,45.0,1,1,1
BBB,2013J,584042,F,South West Region,Lower Than A Level,0-10%,35-55,0,120,N,Pass,-83.0,306,14,31,21.857142857142858,1,64.0,0,1,0
BBB,2013J,584178,F,Yorkshire Region,A Level or Equivalent,20-30%,0-35,0,60,N,Pass,-42.0,2,1,2,2.0,1,71.0,0,1,0
BBB,2013J,584238,F,West Midlands Region,Lower Than A Level,10-20,0-35,0,60,N,Fail,-114.0,41,1,6,41.0,1,59.0,0,1,1
BBB,2013J,584325,F,Wales,Lower Than A Level,30-40%,0-35,0,60,N,Withdrawn,-66.0,233,9,20,25.88888888888889,1,65.0,1,1,1
BBB,2013J,584408,F,East Midlands Region,Lower Than A Level,60-70%,35-55,0,60,N,Fail,-120.0,32,4,9,8.0,1,76.0,0,1,1
BBB,2013J,584580,F,Ireland,Lower Than A Level,0-10%,0-35,0,60,N,Pass,-95.0,30,3,8,10.0,1,50.0,1,1,0
BBB,2013J,584611,F,East Midlands Region,A Level or Equivalent,0-10%,0-35,0,120,N,Fail,-79.0,14,2,7,7.0,1,60.0,1,1,1
BBB,2013J,584735,M,Wales,A Level or Equivalent,30-40%,0-35,0,60,N,Withdrawn,-81.0,33,4,5,8.25,1,61.0,0,1,1
BBB,2013J,584762,F,East Anglian Region,Lower Than A Level,10-20,0-35,0,120,N,Withdrawn,-135.0,195,20,7,9.75,1,85.0,0,1,1
BBB,2013J,584766,F,South West Region,A Level or Equivalent,70-80%,35-55,0,120,N,Pass,-135.0,314,17,23,18.470588235294116,1,77.0,0,1,0
BBB,2013J,584813,M,South East Region,A Level or Equivalent,90-100%,0-35,0,60,N,Pass,-120.0,115,13,18,8.846153846153847,2,73.0,0,1,0
BBB,2013J,585074,F,London Region,Lower Than A Level,40-50%,35-55,0,60,N,Fail,-74.0,0,0,0,0.0,1,55.0,0,1,1
BBB,2013J,585170,M,West Midlands Region,Lower Than A Level,,0-35,0,60,N,Pass,-135.0,96,13,17,7.384615384615385,1,63.0,1,1,0
BBB,2013J,585200,F,South East Region,Lower Than A Level,60-70%,0-35,0,60,N,Distinction,-135.0,68,10,6,6.8,1,90.0,0,1,0
BBB,2013J,585212,F,South Region,A Level or Equivalent,90-100%,0-35,0,120,N,Pass,-102.0,93,13,14,7.153846153846154,1,72.0,0,1,0
BBB,2013J,585355,F,East Anglian Region,Lower Than A Level,70-80%,35-55,0,60,N,Fail,-22.0,0,0,0,0.0,0,,0,0,1
BBB,2013J,585406,F,Scotland,Lower Than A Level,40-50%,35-55,0,60,N,Pass,-28.0,28,3,9,9.333333333333334,1,50.0,0,1,0
BBB,2013J,585603,F,Wales,A Level or Equivalent,50-60%,0-35,0,60,N,Pass,-102.0,97,9,15,10.777777777777779,1,70.0,0,1,0
BBB,2013J,585611,F,Scotland,HE Qualification,80-90%,35-55,0,60,N,Pass,-124.0,355,12,18,29.583333333333332,1,74.0,0,1,0
BBB,2013J,585644,M,East Anglian Region,Lower Than A Level,20-30%,35-55,0,120,N,Pass,-80.0,4,1,3,4.0,1,63.0,1,1,0
BBB,2013J,585652,M,South Region,Lower Than A Level,90-100%,0-35,0,60,N,Pass,-53.0,10,5,5,2.0,1,72.0,0,1,0
BBB,2013J,585693,F,South East Region,Lower Than A Level,50-60%,35-55,0,60,N,Pass,-89.0,2522,27,38,93.4074074074074,1,74.0,0,1,0
BBB,2013J,585779,F,East Midlands Region,Lower Than A Level,30-40%,0-35,0,60,N,Pass,-125.0,215,15,16,14.333333333333334,1,75.0,0,1,0
BBB,2013J,585790,F,South East Region,HE Qualification,50-60%,35-55,0,120,N,Fail,-72.0,0,0,0,0.0,0,,0,0,1
BBB,2013J,585816,F,South East Region,Lower Than A Level,0-10%,0-35,0,120,N,Fail,-132.0,33,6,12,5.5,1,83.0,0,1,1
BBB,2013J,585915,F,South West Region,A Level or Equivalent,10-20,0-35,0,60,Y,Fail,-121.0,1,1,1,1.0,0,,0,0,1
BBB,2013J,585963,F,East Midlands Region,A Level or Equivalent,10-20,0-35,0,60,Y,Fail,-129.0,43,2,7,21.5,1,61.0,0,1,1
BBB,2013J,586072,F,Wales,Lower Than A Level,0-10%,0-35,0,60,N,Fail,-36.0,26,5,10,5.2,1,53.0,1,1,1
BBB,2013J,586078,F,South West Region,A Level or Equivalent,70-80%,0-35,0,60,N,Pass,-60.0,2,1,1,2.0,1,52.0,0,1,0
BBB,2013J,586145,F,East Midlands Region,A Level or Equivalent,30-40%,0-35,0,60,N,Fail,-121.0,3,2,3,1.5,1,81.0,0,1,1
BBB,2013J,586165,F,East Midlands Region,A Level or Equivalent,60-70%,0-35,0,120,N,Fail,-129.0,13,4,6,3.25,1,66.0,0,1,1
BBB,2013J,586346,F,North Western Region,A Level or Equivalent,0-10%,0-35,0,120,N,Pass,-128.0,246,14,20,17.571428571428573,1,69.0,0,1,0
BBB,2013J,586393,F,South Region,Lower Than A Level,80-90%,0-35,0,60,N,Fail,-74.0,0,0,0,0.0,0,,0,0,1
BBB,2013J,586407,F,South West Region,Lower Than A Level,20-30%,0-35,0,90,N,Withdrawn,-128.0,90,7,14,12.857142857142858,1,75.0,0,1,1
BBB,2013J,586416,F,Ireland,HE Qualification,50-60%,0-35,0,60,N,Pass,-38.0,200,9,8,22.22222222222222,2,66.0,0,1,0
BBB,2013J,586440,F,London Region,Lower Than A Level,80-90%,0-35,0,60,N,Pass,-94.0,114,11,14,10.363636363636363,1,65.0,0,1,0
BBB,2013J,586490,F,South West Region,Lower Than A Level,40-50%,0-35,0,120,N,Fail,-51.0,43,3,11,14.333333333333334,1,62.0,1,1,1
BBB,2013J,586516,F,South East Region,A Level or Equivalent,40-50%,35-55,0,60,N,Withdrawn,-79.0,1616,20,48,80.8,1,90.0,0,1,1
BBB,2013J,586535,F,South Region,Lower Than A Level,50-60%,0-35,0,120,Y,Pass,-128.0,434,23,30,18.869565217391305,1,85.0,0,1,0
BBB,2013J,586581,F,South Region,A Level or Equivalent,90-100%,0-35,0,60,N,Pass,-128.0,199,18,16,11.055555555555555,1,86.0,0,1,0
BBB,2013J,586720,M,London Region,Lower Than A Level,40-50%,0-35,0,120,N,Fail,-113.0,5,2,2,2.5,1,65.0,0,1,1
BBB,2013J,586742,F,South East Region,A Level or Equivalent,40-50%,0-35,0,120,N,Pass,-123.0,58,7,13,8.285714285714286,1,60.0,0,1,0
BBB,2013J,586836,F,West Midlands Region,Lower Than A Level,0-10%,35-55,0,60,N,Fail,-125.0,72,8,14,9.0,1,48.0,0,1,1
BBB,2013J,586843,F,East Anglian Region,A Level or Equivalent,0-10%,0-35,0,60,N,Pass,-31.0,281,18,26,15.61111111111111,1,81.0,0,1,0
BBB,2013J,586882,F,London Region,Lower Than A Level,10-20,0-35,0,120,N,Fail,-114.0,20,1,9,20.0,1,65.0,0,1,1
BBB,2013J,586928,F,West Midlands Region,Lower Than A Level,80-90%,0-35,0,120,N,Fail,-123.0,152,13,17,11.692307692307692,1,87.0,0,1,1
BBB,2013J,586996,F,Wales,A Level or Equivalent,90-100%,35-55,0,60,N,Distinction,-51.0,473,27,28,17.51851851851852,1,77.0,0,1,0
BBB,2013J,587051,F,East Midlands Region,Lower Than A Level,60-70%,0-35,0,60,N,Fail,-124.0,78,6,9,13.0,1,91.0,0,1,1
BBB,2013J,587071,F,East Anglian Region,Lower Than A Level,30-40%,0-35,0,120,Y,Fail,-122.0,0,0,0,0.0,0,,0,0,1
BBB,2013J,587192,F,West Midlands Region,Lower Than A Level,60-70%,0-35,0,60,N,Pass,-79.0,125,15,10,8.333333333333334,1,86.0,0,1,0
BBB,2013J,587194,F,South Region,Lower Than A Level,80-90%,0-35,0,60,N,Fail,-121.0,0,0,0,0.0,1,67.0,0,1,1
BBB,2013J,587219,F,South West Region,A Level or Equivalent,20-30%,35-55,0,60,N,Withdrawn,-123.0,364,22,17,16.545454545454547,1,61.0,0,1,1
BBB,2013J,587223,F,South West Region,A Level or Equivalent,40-50%,35-55,0,60,N,Distinction,-114.0,599,23,34,26.043478260869566,1,55.0,0,1,0
BBB,2013J,587297,F,North Region,A Level or Equivalent,70-80%,0-35,0,120,N,Pass,-81.0,316,13,26,24.307692307692307,1,80.0,0,1,0
BBB,2013J,587409,F,Wales,A Level or Equivalent,60-70%,35-55,0,120,N,Pass,-19.0,0,0,0,0.0,0,,0,0,0
BBB,2013J,587418,F,North Western Region,A Level or Equivalent,0-10%,0-35,0,60,N,Pass,-116.0,187,22,10,8.5,1,78.0,0,1,0
BBB,2013J,587423,F,Yorkshire Region,A Level or Equivalent,20-30%,0-35,0,180,N,Distinction,-122.0,506,21,31,24.095238095238095,1,64.0,0,1,0
BBB,2013J,587564,F,Yorkshire Region,A Level or Equivalent,20-30%,0-35,0,60,N,Pass,-17.0,164,6,27,27.333333333333332,1,40.0,0,1,0
BBB,2013J,587702,F,South Region,A Level or Equivalent,20-30%,0-35,0,60,N,Pass,-101.0,377,15,6,25.133333333333333,1,78.0,0,1,0
BBB,2013J,587722,M,Scotland,Post Graduate Qualification,20-30%,35-55,0,60,N,Distinction,-89.0,47,7,9,6.714285714285714,1,72.0,0,1,0
BBB,2013J,587732,F,Yorkshire Region,A Level or Equivalent,10-20,35-55,0,60,N,Pass,-95.0,235,20,21,11.75,1,63.0,0,1,0
BBB,2013J,587754,F,South Region,A Level or Equivalent,50-60%,0-35,0,60,N,Pass,-60.0,34,3,11,11.333333333333334,1,87.0,0,1,0
BBB,2013J,587755,M,South Region,Lower Than A Level,10-20,0-35,0,60,N,Pass,-74.0,47,4,10,11.75,1,83.0,0,1,0
BBB,2013J,587810,F,Wales,Lower Than A Level,30-40%,0-35,0,120,N,Pass,-52.0,134,12,24,11.166666666666666,1,77.0,0,1,0
BBB,2013J,587824,F,London Region,A Level or Equivalent,60-70%,0-35,0,120,N,Fail,-120.0,87,10,12,8.7,1,74.0,0,1,1
BBB,2013J,587838,F,Ireland,Lower Than A Level,0-10%,0-35,0,60,N,Withdrawn,-22.0,174,7,18,24.857142857142858,1,72.0,0,1,1
BBB,2013J,587923,F,Scotland,Lower Than A Level,70-80%,0-35,0,120,Y,Pass,-15.0,231,12,30,19.25,1,85.0,0,1,0
BBB,2013J,587961,F,Yorkshire Region,Lower Than A Level,0-10%,0-35,0,60,N,Fail,-117.0,7,3,5,2.3333333333333335,0,,0,0,1
BBB,2013J,587985,F,London Region,Lower Than A Level,80-90%,0-35,0,120,N,Distinction,-100.0,78,6,9,13.0,1,73.0,0,1,0
BBB,2013J,588117,F,South East Region,A Level or Equivalent,80-90%,0-35,0,60,N,Distinction,-116.0,337,13,24,25.923076923076923,1,71.0,0,1,0
BBB,2013J,588265,F,East Midlands Region,Lower Than A Level,60-70%,0-35,0,60,N,Pass,-9.0,83,3,13,27.666666666666668,1,63.0,0,1,0
BBB,2013J,588321,F,East Anglian Region,Lower Than A Level,50-60%,35-55,0,60,N,Withdrawn,-116.0,54,6,12,9.0,1,54.0,0,1,1
BBB,2013J,588355,F,London Region,Lower Than A Level,30-40%,35-55,0,120,N,Pass,-29.0,89,6,16,14.833333333333334,1,85.0,0,1,0
BBB,2013J,588432,F,South West Region,A Level or Equivalent,60-70%,0-35,0,60,N,Fail,-25.0,85,3,14,28.333333333333332,1,65.0,0,1,1
BBB,2013J,588642,F,London Region,A Level or Equivalent,0-10%,0-35,0,120,N,Pass,-59.0,192,10,17,19.2,1,77.0,0,1,0
BBB,2013J,588691,F,East Midlands Region,Lower Than A Level,20-30%,0-35,0,120,N,Withdrawn,-108.0,0,0,0,0.0,0,,0,0,1
BBB,2013J,588713,F,Scotland,Lower Than A Level,0-10%,0-35,0,60,N,Fail,-92.0,3,1,3,3.0,0,,0,0,1
BBB,2013J,588883,F,South West Region,A Level or Equivalent,30-40%,0-35,0,60,N,Distinction,-108.0,369,21,25,17.571428571428573,1,71.0,0,1,0
BBB,2013J,588910,F,Wales,HE Qualification,90-100%,35-55,0,60,N,Pass,-31.0,196,16,17,12.25,1,88.0,0,1,0
BBB,2013J,589067,F,South West Region,Lower Than A Level,40-50%,35-55,0,60,N,Pass,-95.0,180,10,27,18.0,1,64.0,0,1,0
BBB,2013J,589123,F,South West Region,HE Qualification,50-60%,35-55,0,120,N,Pass,-36.0,85,6,11,14.166666666666666,1,72.0,0,1,0
BBB,2013J,589154,F,East Anglian Region,HE Qualification,20-30%,35-55,0,60,N,Withdrawn,-28.0,26,3,7,8.666666666666666,1,49.0,0,1,1
BBB,2013J,589296,M,North Western Region,Lower Than A Level,80-90%,35-55,0,90,N,Pass,-109.0,836,27,16,30.962962962962962,1,65.0,0,1,0
BBB,2013J,589302,F,Wales,A Level or Equivalent,10-20,35-55,0,60,N,Pass,-53.0,154,12,10,12.833333333333334,1,87.0,0,1,0
BBB,2013J,589411,F,Yorkshire Region,A Level or Equivalent,40-50%,0-35,0,60,N,Distinction,-22.0,137,9,18,15.222222222222221,1,60.0,0,1,0
BBB,2013J,589471,F,South Region,Lower Than A Level,90-100%,35-55,0,90,N,Withdrawn,-37.0,89,14,13,6.357142857142857,1,80.0,0,1,1
BBB,2013J,589508,F,South East Region,HE Qualification,20-30%,35-55,0,60,Y,Distinction,-32.0,327,22,13,14.863636363636363,1,92.0,0,1,0
BBB,2013J,589509,F,Scotland,HE Qualification,20-30%,0-35,0,90,N,Pass,-30.0,57,7,6,8.142857142857142,1,78.0,0,1,0
BBB,2013J,589903,F,West Midlands Region,A Level or Equivalent,80-90%,0-35,0,60,N,Pass,-65.0,43,6,13,7.166666666666667,1,72.0,1,1,0
BBB,2013J,589950,F,Wales,Lower Than A Level,10-20,0-35,0,60,N,Pass,-52.0,45,3,11,15.0,1,68.0,1,1,0
BBB,2013J,590107,F,London Region,Lower Than A Level,20-30%,0-35,0,120,N,Withdrawn,-108.0,68,11,5,6.181818181818182,1,58.0,0,1,1
BBB,2013J,590202,F,Scotland,HE Qualification,50-60%,0-35,0,60,N,Pass,-87.0,755,20,16,37.75,1,75.0,0,1,0
BBB,2013J,590231,F,Scotland,Lower Than A Level,30-40%,0-35,0,120,N,Pass,-91.0,237,19,11,12.473684210526315,0,,0,0,0
BBB,2013J,590305,F,Yorkshire Region,HE Qualification,0-10%,0-35,0,60,N,Withdrawn,-31.0,39,1,6,39.0,0,,0,0,1
BBB,2013J,590308,F,East Midlands Region,A Level or Equivalent,60-70%,0-35,0,120,N,Fail,-88.0,42,6,5,7.0,1,60.0,0,1,1
BBB,2013J,590325,F,Scotland,Lower Than A Level,80-90%,0-35,0,60,N,Pass,-44.0,76,7,15,10.857142857142858,1,73.0,0,1,0
BBB,2013J,590360,F,Ireland,Lower Than A Level,40-50%,0-35,0,60,N,Fail,-56.0,2,1,2,2.0,1,72.0,0,1,1
BBB,2013J,590362,F,Scotland,A Level or Equivalent,60-70%,35-55,0,60,N,Pass,-91.0,14,7,4,2.0,1,81.0,0,1,0
BBB,2013J,590365,F,Scotland,HE Qualification,60-70%,35-55,0,60,N,Fail,-25.0,199,13,11,15.307692307692308,1,77.0,0,1,1
BBB,2013J,590372,F,North Region,HE Qualification,40-50%,35-55,0,120,N,Pass,-74.0,124,8,10,15.5,1,66.0,0,1,0
BBB,2013J,590502,F,Wales,No Formal quals,30-40%,35-55,0,60,N,Fail,-45.0,355,21,25,16.904761904761905,1,70.0,0,1,1
BBB,2013J,590625,F,Wales,Lower Than A Level,10-20,0-35,0,60,N,Pass,-63.0,92,11,7,8.363636363636363,1,74.0,0,1,0
BBB,2013J,590667,F,West Midlands Region,A Level or Equivalent,30-40%,0-35,0,60,N,Distinction,-72.0,122,12,16,10.166666666666666,1,77.0,0,1,0
BBB,2013J,590668,F,Yorkshire Region,Lower Than A Level,50-60%,35-55,0,60,N,Withdrawn,-28.0,75,6,13,12.5,1,40.0,0,1,1
BBB,2013J,590812,F,Wales,Lower Than A Level,0-10%,35-55,0,120,N,Withdrawn,-38.0,201,12,17,16.75,1,58.0,1,1,1
BBB,2013J,590867,M,London Region,A Level or Equivalent,40-50%,35-55,0,90,N,Fail,-101.0,103,6,18,17.166666666666668,0,,0,0,1
BBB,2013J,590923,F,North Western Region,Lower Than A Level,0-10%,0-35,0,60,N,Fail,-38.0,10,2,7,5.0,1,82.0,1,1,1
BBB,2013J,590931,F,Ireland,A Level or Equivalent,0-10%,0-35,0,120,N,Pass,-80.0,97,13,10,7.461538461538462,1,83.0,0,1,0
BBB,2013J,590994,F,Scotland,Lower Than A Level,60-70%,0-35,0,60,N,Distinction,-81.0,102,10,10,10.2,1,78.0,0,1,0
BBB,2013J,591030,F,East Anglian Region,Lower Than A Level,30-40%,0-35,0,60,N,Pass,-95.0,7,2,3,3.5,1,71.0,0,1,0
BBB,2013J,591034,F,Ireland,Lower Than A Level,50-60%,0-35,0,60,N,Fail,-53.0,31,4,6,7.75,1,70.0,0,1,1
BBB,2013J,591223,F,Scotland,HE Qualification,20-30%,35-55,0,120,N,Pass,-66.0,1555,22,42,70.68181818181819,1,79.0,0,1,0
BBB,2013J,591257,F,Wales,Lower Than A Level,0-10%,35-55,0,60,N,Fail,-45.0,760,17,22,44.705882352941174,1,62.0,0,1,1
BBB,2013J,591273,M,Wales,A Level or Equivalent,80-90%,35-55,0,60,N,Pass,-65.0,175,7,17,25.0,1,87.0,0,1,0
BBB,2013J,591299,F,Wales,A Level or Equivalent,50-60%,0-35,0,60,N,Distinction,-51.0,143,12,16,11.916666666666666,1,77.0,0,1,0
BBB,2013J,591410,F,Yorkshire Region,Lower Than A Level,30-40%,0-35,0,60,N,Fail,-95.0,78,6,11,13.0,1,70.0,1,1,1
BBB,2013J,591414,F,Ireland,A Level or Equivalent,10-20,0-35,0,60,N,Pass,-65.0,223,16,19,13.9375,1,80.0,0,1,0
BBB,2013J,591420,F,Ireland,A Level or Equivalent,80-90%,0-35,0,60,N,Pass,-49.0,60,5,15,12.0,1,75.0,0,1,0
BBB,2013J,591440,F,Yorkshire Region,Lower Than A Level,60-70%,0-35,0,60,N,Fail,-95.0,37,2,9,18.5,0,,0,0,1
BBB,2013J,591501,F,South Region,A Level or Equivalent,90-100%,35-55,0,60,N,Distinction,-67.0,135,12,14,11.25,1,72.0,0,1,0
BBB,2013J,591518,F,North Western Region,A Level or Equivalent,90-100%,35-55,0,60,N,Distinction,-42.0,164,7,25,23.428571428571427,1,80.0,0,1,0
BBB,2013J,591558,F,Yorkshire Region,A Level or Equivalent,50-60%,35-55,0,120,N,Pass,-38.0,176,12,13,14.666666666666666,1,67.0,0,1,0
BBB,2013J,591574,F,North Region,A Level or Equivalent,30-40%,0-35,0,120,N,Pass,-22.0,135,14,17,9.642857142857142,1,85.0,0,1,0
BBB,2013J,591589,F,Yorkshire Region,A Level or Equivalent,0-10%,35-55,0,60,N,Pass,-56.0,140,6,28,23.333333333333332,1,68.0,0,1,0
BBB,2013J,591591,F,West Midlands Region,A Level or Equivalent,40-50%,0-35,0,120,N,Fail,-46.0,21,10,6,2.1,1,60.0,0,1,1
BBB,2013J,591608,F,South Region,Lower Than A Level,10-20,0-35,0,60,N,Fail,-100.0,0,0,0,0.0,0,,0,0,1
BBB,2013J,591785,M,Wales,Lower Than A Level,20-30%,0-35,0,120,N,Fail,-28.0,155,12,18,12.916666666666666,0,,0,0,1
BBB,2013J,591787,F,London Region,Lower Than A Level,0-10%,35-55,0,60,N,Pass,-60.0,0,0,0,0.0,1,50.0,0,1,0
BBB,2013J,591820,F,London Region,A Level or Equivalent,10-20,35-55,0,120,N,Pass,-95.0,82,8,15,10.25,1,86.0,0,1,0
BBB,2013J,591895,F,Wales,Lower Than A Level,0-10%,0-35,0,120,Y,Withdrawn,-3.0,0,0,0,0.0,1,64.0,1,1,1
BBB,2013J,591978,M,East Anglian Region,Lower Than A Level,60-70%,0-35,0,60,N,Fail,-29.0,231,14,24,16.5,1,62.0,0,1,1
BBB,2013J,592081,F,Wales,Lower Than A Level,0-10%,0-35,0,60,N,Fail,-84.0,169,12,9,14.083333333333334,1,58.0,0,1,1
BBB,2013J,592147,F,Scotland,HE Qualification,60-70%,35-55,0,60,N,Pass,-84.0,166,15,15,11.066666666666666,1,72.0,0,1,0
BBB,2013J,592205,F,West Midlands Region,Lower Than A Level,0-10%,0-35,0,60,N,Pass,-46.0,35,3,11,11.666666666666666,1,42.0,0,1,0
BBB,2013J,592256,F,East Anglian Region,Lower Than A Level,80-90%,0-35,0,60,N,Fail,-99.0,92,7,20,13.142857142857142,0,,0,0,1
BBB,2013J,592290,F,Ireland,Lower Than A Level,90-100%,0-35,0,60,N,Pass,-29.0,47,6,10,7.833333333333333,1,64.0,0,1,0
BBB,2013J,592317,F,East Midlands Region,Lower Than A Level,40-50%,35-55,0,180,N,Pass,-67.0,128,12,15,10.666666666666666,1,75.0,0,1,0
BBB,2013J,592322,F,Wales,Lower Than A Level,20-30%,35-55,0,120,N,Pass,-44.0,415,28,25,14.821428571428571,1,78.0,0,1,0
BBB,2013J,592406,F,East Anglian Region,A Level or Equivalent,30-40%,35-55,0,120,N,Withdrawn,-31.0,0,0,0,0.0,0,,0,0,1
BBB,2013J,592441,F,North Western Region,A Level or Equivalent,0-10%,0-35,0,120,N,Pass,-45.0,219,12,18,18.25,1,88.0,0,1,0
BBB,2013J,592471,M,Scotland,HE Qualification,60-70%,35-55,0,60,N,Distinction,-79.0,135,13,8,10.384615384615385,1,79.0,0,1,0
BBB,2013J,592480,F,Scotland,HE Qualification,10-20,0-35,0,60,N,Pass,-84.0,114,16,15,7.125,1,57.0,0,1,0
BBB,2013J,592496,F,South Region,A Level or Equivalent,60-70%,0-35,0,60,N,Pass,-56.0,1072,23,14,46.608695652173914,1,76.0,0,1,0
BBB,2013J,592618,F,North Western Region,A Level or Equivalent,20-30%,35-55,0,60,N,Pass,-37.0,179,14,12,12.785714285714286,1,63.0,0,1,0
BBB,2013J,592624,F,East Anglian Region,Lower Than A Level,20-30%,0-35,0,120,Y,Pass,-91.0,14,6,4,2.3333333333333335,1,55.0,0,1,0
BBB,2013J,592772,F,West Midlands Region,Lower Than A Level,0-10%,0-35,0,60,N,Pass,-31.0,194,10,25,19.4,1,64.0,0,1,0
BBB,2013J,592815,F,West Midlands Region,No Formal quals,0-10%,0-35,0,60,N,Withdrawn,-95.0,265,24,17,11.041666666666666,1,85.0,0,1,1
BBB,2013J,592854,F,South West Region,A Level or Equivalent,70-80%,0-35,0,120,N,Pass,-95.0,121,6,20,20.166666666666668,1,75.0,0,1,0
BBB,2013J,592900,M,Wales,HE Qualification,60-70%,0-35,0,60,N,Pass,-58.0,182,10,16,18.2,1,77.0,0,1,0
BBB,2013J,592949,F,West Midlands Region,Lower Than A Level,40-50%,35-55,0,60,N,Withdrawn,-89.0,9,1,4,9.0,1,66.0,0,1,1
BBB,2013J,593023,F,South Region,HE Qualification,60-70%,35-55,0,60,N,Pass,-32.0,42,3,14,14.0,1,61.0,0,1,0
BBB,2013J,593081,F,South East Region,A Level or Equivalent,10-20,0-35,0,120,N,Pass,-94.0,20,3,7,6.666666666666667,1,82.0,0,1,0
BBB,2013J,593189,F,South Region,Lower Than A Level,70-80%,0-35,0,90,Y,Fail,-84.0,17,4,8,4.25,0,,0,0,1
BBB,2013J,593281,M,Wales,A Level or Equivalent,50-60%,0-35,0,60,N,Withdrawn,-56.0,0,0,0,0.0,1,75.0,0,1,1
BBB,2013J,593299,M,Wales,Lower Than A Level,20-30%,35-55,0,60,N,Fail,-58.0,177,11,21,16.09090909090909,1,58.0,1,1,1
BBB,2013J,593385,F,Wales,HE Qualification,80-90%,0-35,0,120,N,Pass,-24.0,174,16,19,10.875,1,80.0,0,1,0
BBB,2013J,593421,F,Ireland,A Level or Equivalent,10-20,0-35,0,60,N,Pass,-22.0,11,2,6,5.5,1,80.0,0,1,0
BBB,2013J,593427,F,Ireland,Lower Than A Level,70-80%,35-55,0,75,N,Pass,-45.0,430,17,19,25.294117647058822,1,71.0,0,1,0
BBB,2013J,593440,F,Ireland,Lower Than A Level,40-50%,0-35,0,60,N,Withdrawn,-45.0,0,0,0,0.0,1,70.0,0,1,1
BBB,2013J,593441,F,Ireland,Lower Than A Level,50-60%,0-35,0,60,N,Withdrawn,-45.0,47,8,6,5.875,1,78.0,0,1,1
BBB,2013J,593443,F,Scotland,Lower Than A Level,10-20,0-35,0,60,N,Withdrawn,-59.0,197,6,21,32.833333333333336,0,,0,0,1
BBB,2013J,593444,F,Ireland,Lower Than A Level,30-40%,0-35,0,60,N,Pass,-45.0,148,6,13,24.666666666666668,1,75.0,0,1,0
BBB,2013J,593510,F,Yorkshire Region,Lower Than A Level,60-70%,0-35,0,60,N,Pass,-36.0,17,3,6,5.666666666666667,1,50.0,0,1,0
BBB,2013J,593513,M,North Western Region,A Level or Equivalent,40-50%,0-35,0,60,N,Pass,-89.0,25,4,11,6.25,1,46.0,0,1,0
BBB,2013J,593514,M,South East Region,A Level or Equivalent,40-50%,0-35,0,60,N,Fail,-91.0,38,9,5,4.222222222222222,1,70.0,0,1,1
BBB,2013J,593593,F,South East Region,A Level or Equivalent,80-90%,0-35,0,60,N,Pass,-67.0,94,4,13,23.5,1,80.0,0,1,0
BBB,2013J,593613,F,Yorkshire Region,A Level or Equivalent,50-60%,0-35,0,120,N,Fail,-91.0,145,10,15,14.5,1,65.0,0,1,1
BBB,2013J,593631,F,East Anglian Region,A Level or Equivalent,30-40%,0-35,0,60,N,Pass,-89.0,174,13,18,13.384615384615385,1,75.0,0,1,0
BBB,2013J,593685,F,Ireland,A Level or Equivalent,60-70%,35-55,0,60,N,Pass,-67.0,0,0,0,0.0,1,65.0,0,1,0
BBB,2013J,593692,F,Ireland,Lower Than A Level,40-50%,0-35,0,60,N,Pass,-15.0,116,11,17,10.545454545454545,1,55.0,0,1,0
BBB,2013J,593694,F,Ireland,Lower Than A Level,50-60%,35-55,0,60,N,Pass,-3.0,1894,31,48,61.096774193548384,1,80.0,0,1,0
BBB,2013J,593695,F,Ireland,Lower Than A Level,60-70%,35-55,0,75,N,Pass,-45.0,57,5,15,11.4,1,57.0,0,1,0
BBB,2013J,593706,F,Ireland,Lower Than A Level,10-20,0-35,0,60,N,Fail,-67.0,0,0,0,0.0,0,,0,0,1
BBB,2013J,593707,F,Ireland,A Level or Equivalent,40-50%,35-55,0,60,N,Withdrawn,-52.0,301,17,44,17.705882352941178,1,33.0,1,1,1
BBB,2013J,593709,F,Ireland,Lower Than A Level,10-20,35-55,0,60,N,Fail,-71.0,91,7,12,13.0,1,65.0,0,1,1
BBB,2013J,593711,F,Ireland,Lower Than A Level,50-60%,35-55,0,60,N,Pass,-24.0,1,1,1,1.0,0,,0,0,0
BBB,2013J,593712,F,Ireland,Lower Than A Level,30-40%,0-35,0,60,N,Pass,-45.0,139,10,18,13.9,1,76.0,0,1,0
BBB,2013J,593715,F,Ireland,Lower Than A Level,50-60%,35-55,0,60,N,Pass,-35.0,50,3,10,16.666666666666668,1,72.0,0,1,0
BBB,2013J,593727,F,Ireland,Lower Than A Level,60-70%,35-55,0,75,N,Pass,-24.0,236,13,17,18.153846153846153,1,59.0,0,1,0
BBB,2013J,593743,F,East Anglian Region,A Level or Equivalent,10-20,0-35,0,60,N,Pass,-81.0,49,7,14,7.0,1,74.0,0,1,0
BBB,2013J,593798,F,Wales,Lower Than A Level,60-70%,0-35,0,60,N,Pass,-43.0,153,8,8,19.125,1,75.0,0,1,0
BBB,2013J,593871,F,East Midlands Region,A Level or Equivalent,10-20,0-35,0,90,Y,Pass,-88.0,90,9,19,10.0,1,76.0,0,1,0
BBB,2013J,593875,F,Ireland,A Level or Equivalent,20-30%,0-35,0,60,N,Distinction,-50.0,224,25,18,8.96,1,92.0,0,1,0
BBB,2013J,593898,F,South East Region,Lower Than A Level,20-30%,0-35,0,90,Y,Pass,-90.0,263,29,11,9.068965517241379,1,80.0,0,1,0
BBB,2013J,593900,F,Yorkshire Region,A Level or Equivalent,0-10%,0-35,0,60,N,Pass,-91.0,117,10,15,11.7,1,72.0,0,1,0
BBB,2013J,593930,F,East Anglian Region,Lower Than A Level,80-90%,35-55,0,60,Y,Withdrawn,-57.0,33,3,11,11.0,0,,0,0,1
BBB,2013J,594015,F,East Anglian Region,A Level or Equivalent,10-20,0-35,0,120,N,Pass,-88.0,91,11,16,8.272727272727273,1,85.0,1,1,0
BBB,2013J,594038,F,East Anglian Region,A Level or Equivalent,10-20,35-55,0,60,N,Fail,-22.0,23,4,7,5.75,1,30.0,0,1,1
BBB,2013J,594043,F,East Midlands Region,Lower Than A Level,30-40%,35-55,0,120,N,Withdrawn,-88.0,222,15,30,14.8,1,70.0,0,1,1
BBB,2013J,594056,F,Scotland,A Level or Equivalent,20-30%,35-55,0,60,N,Pass,-53.0,187,13,14,14.384615384615385,1,89.0,0,1,0
BBB,2013J,594456,F,North Western Region,Lower Than A Level,30-40%,0-35,0,60,N,Pass,-88.0,174,19,17,9.157894736842104,1,77.0,0,1,0
BBB,2013J,594468,F,East Anglian Region,A Level or Equivalent,70-80%,35-55,0,60,Y,Pass,-74.0,51,6,13,8.5,1,89.0,0,1,0
BBB,2013J,594497,F,Wales,Lower Than A Level,0-10%,0-35,0,60,N,Fail,-17.0,31,4,12,7.75,1,63.0,0,1,1
BBB,2013J,594529,F,Yorkshire Region,Lower Than A Level,30-40%,35-55,0,120,Y,Distinction,-25.0,292,14,19,20.857142857142858,1,88.0,0,1,0
BBB,2013J,594607,M,East Anglian Region,No Formal quals,20-30%,0-35,0,60,N,Fail,-86.0,0,0,0,0.0,0,,0,0,1
BBB,2013J,594677,F,South West Region,A Level or Equivalent,40-50%,0-35,0,60,N,Pass,-73.0,161,8,15,20.125,1,75.0,0,1,0
BBB,2013J,594693,F,South West Region,Lower Than A Level,20-30%,35-55,0,120,N,Distinction,-73.0,90,6,13,15.0,1,81.0,0,1,0
BBB,2013J,594697,F,West Midlands Region,A Level or Equivalent,80-90%,0-35,0,60,N,Fail,-30.0,20,3,10,6.666666666666667,1,71.0,0,1,1
BBB,2013J,594762,F,London Region,A Level or Equivalent,20-30%,0-35,0,120,N,Pass,-87.0,75,10,11,7.5,1,74.0,0,1,0
BBB,2013J,594774,F,South Region,A Level or Equivalent,20-30%,35-55,0,120,N,Withdrawn,-87.0,0,0,0,0.0,0,,0,0,1
BBB,2013J,594776,M,South Region,A Level or Equivalent,80-90%,0-35,0,60,N,Pass,-66.0,160,17,13,9.411764705882353,1,78.0,0,1,0
BBB,2013J,594845,M,London Region,Lower Than A Level,10-20,35-55,0,60,N,Fail,-63.0,40,8,13,5.0,1,55.0,0,1,1
BBB,2013J,594928,F,South West Region,A Level or Equivalent,20-30%,0-35,0,120,N,Pass,-52.0,198,19,21,10.421052631578947,1,75.0,0,1,0
BBB,2013J,595010,F,London Region,Lower Than A Level,40-50%,0-35,0,120,N,Fail,-85.0,4,3,2,1.3333333333333333,1,70.0,0,1,1
BBB,2013J,595094,F,Wales,Lower Than A Level,0-10%,0-35,0,60,N,Fail,-62.0,30,6,9,5.0,1,64.0,0,1,1
BBB,2013J,595103,F,Scotland,Lower Than A Level,10-20,35-55,0,60,N,Pass,-79.0,82,11,8,7.454545454545454,1,67.0,0,1,0
BBB,2013J,595138,F,London Region,HE Qualification,30-40%,0-35,0,60,N,Pass,-24.0,37,3,7,12.333333333333334,1,85.0,0,1,0
BBB,2013J,595232,F,South Region,A Level or Equivalent,90-100%,0-35,0,180,N,Withdrawn,-22.0,152,9,21,16.88888888888889,1,74.0,0,1,1
BBB,2013J,595241,M,South West Region,Lower Than A Level,30-40%,0-35,0,60,N,Fail,-74.0,40,6,13,6.666666666666667,1,54.0,0,1,1
BBB,2013J,595295,F,South East Region,A Level or Equivalent,50-60%,0-35,0,60,N,Pass,-84.0,2,1,2,2.0,1,75.0,0,1,0
BBB,2013J,595298,F,West Midlands Region,A Level or Equivalent,0-10%,0-35,0,60,N,Fail,-24.0,0,0,0,0.0,0,,0,0,1
BBB,2013J,595345,F,Scotland,HE Qualification,80-90%,35-55,0,60,N,Pass,-37.0,76,3,17,25.333333333333332,1,82.0,0,1,0
BBB,2013J,595436,F,Wales,HE Qualification,10-20,0-35,0,90,N,Pass,-56.0,124,11,8,11.272727272727273,1,75.0,0,1,0
BBB,2013J,595499,F,West Midlands Region,A Level or Equivalent,70-80%,0-35,0,60,Y,Fail,-84.0,10,3,4,3.3333333333333335,1,80.0,0,1,1
BBB,2013J,595509,M,South Region,A Level or Equivalent,20-30%,0-35,0,120,N,Fail,-50.0,0,0,0,0.0,0,,0,0,1
BBB,2013J,595570,F,South East Region,A Level or Equivalent,70-80%,0-35,0,60,N,Fail,-67.0,282,18,25,15.666666666666666,0,,0,0,1
BBB,2013J,595672,F,South Region,Lower Than A Level,60-70%,0-35,0,120,Y,Fail,-81.0,136,15,12,9.066666666666666,1,87.0,0,1,1
BBB,2013J,595678,F,Wales,A Level or Equivalent,70-80%,0-35,0,60,N,Pass,-83.0,27,4,8,6.75,1,69.0,0,1,0
BBB,2013J,595711,F,East Anglian Region,A Level or Equivalent,10-20,35-55,0,60,N,Fail,-35.0,38,6,9,6.333333333333333,1,58.0,0,1,1
BBB,2013J,595816,F,Wales,Lower Than A Level,10-20,35-55,0,120,N,Fail,-31.0,0,0,0,0.0,0,,0,0,1
BBB,2013J,595818,F,West Midlands Region,Lower Than A Level,10-20,35-55,0,120,N,Pass,-44.0,235,24,19,9.791666666666666,1,77.0,0,1,0
BBB,2013J,595854,F,Scotland,Lower Than A Level,10-20,0-35,0,60,Y,Pass,-65.0,57,6,18,9.5,1,62.0,0,1,0
BBB,2013J,595874,F,West Midlands Region,A Level or Equivalent,90-100%,0-35,0,60,N,Pass,-81.0,76,9,15,8.444444444444445,1,66.0,0,1,0
BBB,2013J,595877,F,South East Region,A Level or Equivalent,30-40%,0-35,0,120,N,Fail,-81.0,1,1,1,1.0,1,68.0,0,1,1
BBB,2013J,595925,F,South West Region,A Level or Equivalent,80-90%,35-55,0,60,N,Pass,-43.0,128,9,9,14.222222222222221,1,82.0,0,1,0
BBB,2013J,595959,M,Wales,Lower Than A Level,0-10%,35-55,0,60,N,Fail,-43.0,0,0,0,0.0,0,,0,0,1
BBB,2013J,596016,M,Yorkshire Region,Lower Than A Level,10-20,0-35,0,60,N,Fail,-79.0,105,6,19,17.5,1,58.0,1,1,1
BBB,2013J,596017,F,Wales,A Level or Equivalent,20-30%,35-55,0,120,N,Pass,-38.0,206,13,17,15.846153846153847,1,67.0,0,1,0
BBB,2013J,596041,F,West Midlands Region,A Level or Equivalent,10-20,0-35,0,120,N,Withdrawn,-80.0,4,1,4,4.0,1,93.0,0,1,1
BBB,2013J,596100,F,West Midlands Region,Lower Than A Level,0-10%,0-35,0,60,N,Withdrawn,-46.0,0,0,0,0.0,0,,0,0,1
BBB,2013J,596107,F,Wales,Lower Than A Level,20-30%,0-35,0,60,N,Pass,-80.0,0,0,0,0.0,1,52.0,0,1,0
BBB,2013J,596108,M,Wales,Lower Than A Level,30-40%,35-55,0,60,N,Pass,-80.0,57,6,9,9.5,0,,0,0,0
BBB,2013J,596114,F,Wales,HE Qualification,40-50%,35-55,0,60,N,Pass,-80.0,373,14,30,26.642857142857142,1,80.0,0,1,0
BBB,2013J,596144,F,East Anglian Region,A Level or Equivalent,40-50%,0-35,0,90,N,Pass,-53.0,52,7,4,7.428571428571429,1,82.0,0,1,0
BBB,2013J,596242,F,Wales,A Level or Equivalent,40-50%,35-55,0,60,N,Pass,-80.0,77,9,14,8.555555555555555,1,55.0,0,1,0
BBB,2013J,596275,F,Wales,A Level or Equivalent,20-30%,0-35,0,60,N,Withdrawn,-42.0,54,3,16,18.0,1,67.0,1,1,1
BBB,2013J,596305,F,East Anglian Region,Lower Than A Level,50-60%,35-55,0,60,N,Distinction,-17.0,152,12,18,12.666666666666666,1,89.0,0,1,0
BBB,2013J,596360,M,London Region,HE Qualification,20-30%,0-35,0,60,N,Fail,-79.0,48,7,7,6.857142857142857,0,,0,0,1
BBB,2013J,596372,F,Wales,HE Qualification,70-80%,35-55,0,60,N,Pass,-31.0,135,10,23,13.5,1,86.0,0,1,0
BBB,2013J,596390,F,Yorkshire Region,A Level or Equivalent,10-20,0-35,0,60,N,Pass,-60.0,5,2,1,2.5,1,63.0,0,1,0
BBB,2013J,596417,F,West Midlands Region,A Level or Equivalent,0-10%,35-55,0,60,N,Pass,-56.0,314,10,17,31.4,1,74.0,0,1,0
BBB,2013J,596451,F,East Anglian Region,A Level or Equivalent,90-100%,35-55,0,60,Y,Pass,-67.0,476,22,21,21.636363636363637,1,86.0,0,1,0
BBB,2013J,596535,F,West Midlands Region,HE Qualification,70-80%,0-35,0,60,N,Pass,-45.0,138,11,19,12.545454545454545,1,78.0,0,1,0
BBB,2013J,596583,F,Scotland,A Level or Equivalent,60-70%,35-55,0,60,N,Fail,-65.0,0,0,0,0.0,0,,0,0,1
BBB,2013J,596596,F,Scotland,HE Qualification,80-90%,0-35,0,60,N,Fail,-57.0,191,14,12,13.642857142857142,1,79.0,0,1,1
BBB,2013J,596677,F,West Midlands Region,A Level or Equivalent,30-40%,0-35,0,60,N,Fail,-60.0,8,4,4,2.0,1,70.0,0,1,1
BBB,2013J,596814,F,Yorkshire Region,A Level or Equivalent,10-20,0-35,0,60,N,Fail,-79.0,7,1,4,7.0,0,,0,0,1
BBB,2013J,596820,M,Yorkshire Region,A Level or Equivalent,0-10%,35-55,0,60,N,Fail,-79.0,0,0,0,0.0,0,,0,0,1
BBB,2013J,596847,F,East Anglian Region,A Level or Equivalent,40-50%,35-55,0,120,N,Distinction,-56.0,19,1,4,19.0,1,63.0,0,1,0
BBB,2013J,596849,F,Scotland,HE Qualification,50-60%,0-35,0,60,N,Fail,-37.0,30,4,7,7.5,1,87.0,0,1,1
BBB,2013J,596892,F,East Anglian Region,Lower Than A Level,10-20,35-55,0,120,N,Fail,-79.0,45,13,6,3.4615384615384617,1,55.0,0,1,1
BBB,2013J,596897,F,Wales,HE Qualification,50-60%,0-35,0,60,N,Pass,-28.0,67,7,11,9.571428571428571,1,69.0,0,1,0
BBB,2013J,596961,F,East Midlands Region,Lower Than A Level,10-20,35-55,0,60,N,Fail,-74.0,271,18,25,15.055555555555555,1,77.0,0,1,1
BBB,2013J,596964,F,North Western Region,A Level or Equivalent,10-20,0-35,0,60,Y,Pass,-74.0,124,11,12,11.272727272727273,1,72.0,0,1,0
BBB,2013J,597033,M,East Midlands Region,Lower Than A Level,20-30%,35-55,0,120,N,Fail,-46.0,10,6,2,1.6666666666666667,1,65.0,1,1,1
BBB,2013J,597050,M,East Midlands Region,Lower Than A Level,90-100%,0-35,0,60,N,Distinction,-22.0,485,15,24,32.333333333333336,1,80.0,0,1,0
BBB,2013J,597078,M,North Western Region,A Level or Equivalent,10-20,35-55,0,60,N,Fail,-32.0,56,10,7,5.6,1,69.0,0,1,1
BBB,2013J,597102,F,West Midlands Region,A Level or Equivalent,30-40%,0-35,0,60,N,Distinction,-56.0,149,13,16,11.461538461538462,1,84.0,0,1,0
BBB,2013J,597142,F,North Region,A Level or Equivalent,60-70%,35-55,0,60,N,Fail,-60.0,0,0,0,0.0,0,,0,0,1
BBB,2013J,597255,F,East Midlands Region,A Level or Equivalent,20-30%,0-35,0,60,Y,Withdrawn,-74.0,172,9,16,19.11111111111111,1,69.0,0,1,1
BBB,2013J,597286,F,Wales,A Level or Equivalent,0-10%,0-35,0,60,N,Distinction,-27.0,77,4,12,19.25,1,65.0,0,1,0
BBB,2013J,597301,F,South West Region,Lower Than A Level,80-90%,0-35,0,120,N,Pass,-62.0,153,15,17,10.2,1,85.0,0,1,0
BBB,2013J,597321,F,North Western Region,Lower Than A Level,0-10%,0-35,0,120,N,Withdrawn,-74.0,62,6,16,10.333333333333334,0,,0,0,1
BBB,2013J,597451,F,South East Region,A Level or Equivalent,40-50%,0-35,0,120,Y,Withdrawn,-45.0,49,5,16,9.8,1,81.0,1,1,1
BBB,2013J,597532,F,South West Region,Lower Than A Level,60-70%,0-35,0,120,N,Withdrawn,-74.0,80,8,17,10.0,1,86.0,0,1,1
BBB,2013J,597582,F,South West Region,Lower Than A Level,40-50%,35-55,0,60,N,Fail,-32.0,45,3,11,15.0,1,79.0,0,1,1
BBB,2013J,597689,F,West Midlands Region,Lower Than A Level,80-90%,0-35,0,60,Y,Fail,-25.0,100,12,19,8.333333333333334,1,80.0,0,1,1
BBB,2013J,597742,F,West Midlands Region,Lower Than A Level,50-60%,0-35,0,60,N,Pass,-60.0,81,6,18,13.5,1,74.0,0,1,0
BBB,2013J,597790,F,Yorkshire Region,HE Qualification,50-60%,35-55,0,120,N,Pass,-22.0,309,10,18,30.9,1,80.0,0,1,0
BBB,2013J,597866,F,North Region,Lower Than A Level,10-20,0-35,0,120,N,Fail,-73.0,170,12,18,14.166666666666666,1,62.0,1,1,1
BBB,2013J,597878,F,Scotland,A Level or Equivalent,90-100%,0-35,0,60,N,Pass,-59.0,151,10,13,15.1,1,80.0,0,1,0
BBB,2013J,597886,F,South Region,Lower Than A Level,90-100%,0-35,0,120,N,Distinction,-71.0,368,24,9,15.333333333333334,1,83.0,0,1,0
BBB,2013J,597894,F,London Region,A Level or Equivalent,10-20,0-35,0,120,N,Pass,-43.0,266,10,18,26.6,1,74.0,0,1,0
BBB,2013J,598000,F,North Western Region,A Level or Equivalent,80-90%,0-35,0,60,N,Pass,-71.0,83,8,15,10.375,1,70.0,0,1,0
BBB,2013J,598202,F,Wales,Lower Than A Level,20-30%,35-55,0,60,Y,Fail,-43.0,115,6,24,19.166666666666668,1,65.0,0,1,1
BBB,2013J,598230,F,Ireland,A Level or Equivalent,20-30%,35-55,0,60,N,Pass,-31.0,240,7,24,34.285714285714285,1,83.0,0,1,0
BBB,2013J,598243,F,East Midlands Region,A Level or Equivalent,60-70%,0-35,0,60,N,Pass,-32.0,387,11,6,35.18181818181818,1,80.0,0,1,0
BBB,2013J,598252,F,Ireland,Lower Than A Level,0-10%,0-35,0,120,N,Pass,-22.0,24,2,6,12.0,1,85.0,1,1,0
BBB,2013J,598253,F,Wales,A Level or Equivalent,30-40%,0-35,0,60,N,Pass,-15.0,1,1,1,1.0,1,57.0,0,1,0
BBB,2013J,598260,F,Ireland,A Level or Equivalent,20-30%,0-35,0,120,N,Withdrawn,-28.0,71,10,14,7.1,1,47.0,1,1,1
BBB,2013J,598315,F,West Midlands Region,Lower Than A Level,0-10%,35-55,0,60,Y,Fail,-71.0,0,0,0,0.0,0,,0,0,1
BBB,2013J,598351,F,East Anglian Region,Lower Than A Level,50-60%,0-35,0,120,N,Pass,-71.0,0,0,0,0.0,1,74.0,0,1,0
BBB,2013J,598462,F,South West Region,A Level or Equivalent,60-70%,35-55,0,120,N,Pass,-46.0,79,2,17,39.5,1,87.0,0,1,0
BBB,2013J,598503,F,Scotland,Lower Than A Level,40-50%,35-55,0,60,N,Withdrawn,-46.0,632,20,25,31.6,1,65.0,0,1,1
BBB,2013J,598538,F,Yorkshire Region,Lower Than A Level,30-40%,0-35,0,60,N,Fail,-67.0,61,5,14,12.2,1,60.0,0,1,1
BBB,2013J,598562,M,East Anglian Region,Lower Than A Level,0-10%,0-35,0,60,N,Fail,-71.0,9,1,4,9.0,1,30.0,0,1,1
BBB,2013J,598623,F,South East Region,Lower Than A Level,70-80%,0-35,0,60,N,Pass,-57.0,185,15,13,12.333333333333334,1,80.0,0,1,0
BBB,2013J,598709,F,Yorkshire Region,A Level or Equivalent,20-30%,0-35,0,60,N,Pass,-36.0,459,16,23,28.6875,1,69.0,0,1,0
BBB,2013J,598760,F,Wales,A Level or Equivalent,50-60%,0-35,0,90,N,Pass,-30.0,41,7,9,5.857142857142857,1,83.0,0,1,0
BBB,2013J,598865,F,South Region,Lower Than A Level,50-60%,0-35,0,60,N,Pass,-67.0,1,1,1,1.0,1,56.0,0,1,0
BBB,2013J,598883,F,East Anglian Region,A Level or Equivalent,40-50%,0-35,0,120,N,Distinction,-42.0,134,17,13,7.882352941176471,1,91.0,0,1,0
BBB,2013J,598907,F,East Midlands Region,A Level or Equivalent,40-50%,0-35,0,60,N,Pass,-53.0,252,22,20,11.454545454545455,1,88.0,0,1,0
BBB,2013J,598914,F,South West Region,A Level or Equivalent,70-80%,0-35,0,120,N,Pass,-56.0,33,6,10,5.5,1,72.0,0,1,0
BBB,2013J,598969,F,North Region,HE Qualification,80-90%,35-55,0,120,N,Pass,-67.0,169,12,15,14.083333333333334,1,75.0,0,1,0
BBB,2013J,598986,F,London Region,Lower Than A Level,0-10%,35-55,0,60,N,Fail,-63.0,13,3,2,4.333333333333333,1,80.0,0,1,1
BBB,2013J,599016,F,London Region,A Level or Equivalent,20-30%,0-35,0,60,Y,Pass,-28.0,4,1,1,4.0,0,,0,0,0
BBB,2013J,599037,F,South East Region,Lower Than A Level,40-50%,35-55,0,60,Y,Pass,-67.0,257,9,29,28.555555555555557,1,67.0,0,1,0
BBB,2013J,599230,F,South West Region,HE Qualification,60-70%,35-55,0,60,N,Distinction,-67.0,867,31,22,27.967741935483872,1,74.0,0,1,0
BBB,2013J,599292,F,East Midlands Region,A Level or Equivalent,30-40%,0-35,0,60,N,Pass,-60.0,221,27,14,8.185185185185185,1,75.0,0,1,0
BBB,2013J,599402,F,North Region,A Level or Equivalent,70-80%,0-35,0,60,N,Pass,-49.0,18,2,9,9.0,1,55.0,0,1,0
BBB,2013J,599423,F,London Region,Lower Than A Level,10-20,0-35,0,120,Y,Withdrawn,-66.0,21,4,12,5.25,1,75.0,0,1,1
BBB,2013J,599427,F,London Region,Lower Than A Level,10-20,0-35,0,60,N,Fail,-29.0,0,0,0,0.0,0,,0,0,1
BBB,2013J,599432,F,East Anglian Region,A Level or Equivalent,0-10%,0-35,0,120,N,Withdrawn,-67.0,19,5,5,3.8,1,60.0,0,1,1
BBB,2013J,599434,M,East Midlands Region,A Level or Equivalent,80-90%,0-35,0,60,N,Fail,-58.0,134,12,17,11.166666666666666,1,73.0,0,1,1
BBB,2013J,599639,F,West Midlands Region,A Level or Equivalent,80-90%,35-55,0,120,N,Withdrawn,-36.0,303,16,18,18.9375,1,78.0,0,1,1
BBB,2013J,599640,F,South Region,Lower Than A Level,40-50%,35-55,0,120,N,Fail,-66.0,179,8,19,22.375,1,70.0,0,1,1
BBB,2013J,599644,F,Wales,Lower Than A Level,10-20,35-55,0,120,Y,Fail,-36.0,92,5,19,18.4,1,44.0,0,1,1
BBB,2013J,599709,F,Wales,A Level or Equivalent,50-60%,0-35,0,120,N,Fail,-15.0,335,16,20,20.9375,1,80.0,0,1,1
BBB,2013J,599739,F,Yorkshire Region,Lower Than A Level,30-40%,35-55,0,60,N,Pass,-10.0,56,5,15,11.2,1,80.0,0,1,0
BBB,2013J,599748,F,South East Region,A Level or Equivalent,90-100%,0-35,0,60,N,Pass,-27.0,41,4,12,10.25,1,70.0,0,1,0
BBB,2013J,599785,F,Scotland,HE Qualification,50-60%,35-55,0,60,N,Pass,-66.0,80,5,9,16.0,1,85.0,0,1,0
BBB,2013J,599787,M,Scotland,A Level or Equivalent,50-60%,35-55,0,60,N,Pass,-66.0,69,7,13,9.857142857142858,1,85.0,0,1,0
BBB,2013J,599794,F,Scotland,A Level or Equivalent,50-60%,35-55,0,60,N,Pass,-66.0,704,27,32,26.074074074074073,1,73.0,0,1,0
BBB,2013J,599802,F,Scotland,Lower Than A Level,60-70%,35-55,0,60,N,Fail,-66.0,643,17,39,37.8235294117647,1,79.0,0,1,1
BBB,2013J,599836,F,Yorkshire Region,A Level or Equivalent,0-10%,0-35,0,60,N,Pass,-46.0,114,14,18,8.142857142857142,1,74.0,0,1,0
BBB,2013J,599840,F,Yorkshire Region,A Level or Equivalent,40-50%,0-35,0,60,N,Fail,-65.0,18,2,6,9.0,1,65.0,0,1,1
BBB,2013J,599895,F,East Midlands Region,HE Qualification,30-40%,0-35,0,60,N,Pass,-65.0,202,21,10,9.619047619047619,1,70.0,0,1,0
BBB,2013J,599908,F,East Anglian Region,Lower Than A Level,90-100%,35-55,0,120,N,Pass,-46.0,120,10,23,12.0,1,70.0,0,1,0
BBB,2013J,599960,F,Wales,Lower Than A Level,0-10%,0-35,0,60,N,Withdrawn,-43.0,8,2,5,4.0,1,87.0,0,1,1
BBB,2013J,600121,F,London Region,A Level or Equivalent,40-50%,0-35,0,120,Y,Pass,-63.0,825,29,25,28.448275862068964,1,69.0,0,1,0
BBB,2013J,600211,F,Yorkshire Region,Lower Than A Level,10-20,0-35,0,120,N,Fail,-15.0,1,1,1,1.0,0,,0,0,1
BBB,2013J,600263,F,Ireland,A Level or Equivalent,20-30%,0-35,0,60,N,Fail,-43.0,80,4,9,20.0,0,,0,0,1
BBB,2013J,600279,F,East Anglian Region,Lower Than A Level,50-60%,0-35,0,120,N,Pass,-59.0,241,19,10,12.68421052631579,1,71.0,0,1,0
BBB,2013J,600370,F,South West Region,HE Qualification,70-80%,0-35,0,120,N,Pass,-3.0,32,9,6,3.5555555555555554,1,70.0,0,1,0
BBB,2013J,600428,F,South East Region,A Level or Equivalent,70-80%,35-55,0,120,N,Withdrawn,-63.0,0,0,0,0.0,0,,0,0,1
BBB,2013J,600449,F,South East Region,A Level or Equivalent,30-40%,0-35,0,60,N,Withdrawn,-44.0,19,2,3,9.5,1,83.0,0,1,1
BBB,2013J,600470,F,Wales,HE Qualification,10-20,0-35,0,120,N,Fail,-31.0,107,9,22,11.88888888888889,1,78.0,0,1,1
BBB,2013J,600476,F,Wales,Lower Than A Level,70-80%,0-35,0,120,Y,Fail,-1.0,90,4,15,22.5,0,,0,0,1
BBB,2013J,600490,F,South East Region,A Level or Equivalent,90-100%,35-55,0,60,N,Distinction,-36.0,114,3,8,38.0,1,83.0,0,1,0
BBB,2013J,600541,F,Scotland,Lower Than A Level,30-40%,35-55,0,60,Y,Withdrawn,-49.0,10,1,5,10.0,0,,0,0,1
BBB,2013J,600579,F,South East Region,Lower Than A Level,20-30%,0-35,0,60,N,Withdrawn,-50.0,41,4,11,10.25,1,64.0,1,1,1
BBB,2013J,600684,F,South West Region,A Level or Equivalent,30-40%,35-55,0,60,N,Distinction,-30.0,629,24,22,26.208333333333332,1,81.0,0,1,0
BBB,2013J,600740,F,South West Region,A Level or Equivalent,60-70%,0-35,0,60,N,Pass,-62.0,86,5,12,17.2,1,74.0,0,1,0
BBB,2013J,600749,M,Yorkshire Region,Lower Than A Level,10-20,0-35,0,120,N,Fail,-60.0,29,5,10,5.8,1,70.0,0,1,1
BBB,2013J,600770,F,East Midlands Region,Lower Than A Level,80-90%,35-55,0,60,N,Fail,-36.0,42,4,11,10.5,1,70.0,1,1,1
BBB,2013J,600771,M,South East Region,Lower Than A Level,10-20,35-55,0,60,N,Pass,-53.0,186,8,23,23.25,1,85.0,0,1,0
BBB,2013J,600833,F,Wales,Lower Than A Level,70-80%,0-35,0,120,N,Fail,-38.0,0,0,0,0.0,0,,0,0,1
BBB,2013J,600845,M,Wales,Lower Than A Level,20-30%,35-55,0,60,N,Fail,-31.0,6,2,3,3.0,1,69.0,0,1,1
BBB,2013J,600856,F,East Midlands Region,A Level or Equivalent,20-30%,0-35,0,60,Y,Distinction,-44.0,324,17,18,19.058823529411764,1,77.0,0,1,0
BBB,2013J,600966,F,South West Region,A Level or Equivalent,60-70%,0-35,0,60,N,Pass,-21.0,129,14,13,9.214285714285714,1,86.0,0,1,0
BBB,2013J,600967,F,London Region,A Level or Equivalent,20-30%,35-55,0,120,N,Fail,-60.0,12,3,5,4.0,1,59.0,0,1,1
BBB,2013J,600999,F,North Western Region,Lower Than A Level,20-30%,0-35,0,60,N,Fail,-58.0,166,10,19,16.6,1,69.0,0,1,1
BBB,2013J,601243,F,South West Region,HE Qualification,30-40%,35-55,0,120,N,Distinction,-29.0,101,13,9,7.769230769230769,1,62.0,0,1,0
BBB,2013J,601251,F,West Midlands Region,A Level or Equivalent,70-80%,0-35,0,60,N,Pass,-60.0,539,15,30,35.93333333333333,1,95.0,0,1,0
BBB,2013J,601269,F,Wales,Lower Than A Level,20-30%,0-35,0,60,N,Pass,-46.0,204,10,20,20.4,1,80.0,0,1,0
BBB,2013J,601346,F,East Midlands Region,A Level or Equivalent,20-30%,35-55,0,60,Y,Distinction,-46.0,32,4,5,8.0,1,90.0,0,1,0
BBB,2013J,601455,F,Yorkshire Region,A Level or Equivalent,70-80%,0-35,0,60,N,Pass,-11.0,87,9,21,9.666666666666666,1,61.0,0,1,0
BBB,2013J,601472,F,Ireland,Lower Than A Level,0-10%,35-55,0,60,N,Withdrawn,-3.0,136,10,15,13.6,1,62.0,0,1,1
BBB,2013J,601497,F,Ireland,Lower Than A Level,10-20,35-55,0,60,N,Distinction,-28.0,232,17,4,13.647058823529411,1,80.0,0,1,0
BBB,2013J,601499,F,Ireland,Lower Than A Level,20-30%,35-55,0,60,N,Pass,-28.0,99,6,16,16.5,1,60.0,0,1,0
BBB,2013J,601504,F,Ireland,Lower Than A Level,50-60%,35-55,0,60,N,Pass,-3.0,1258,24,36,52.416666666666664,1,62.0,0,1,0
BBB,2013J,601505,F,Scotland,HE Qualification,70-80%,0-35,0,120,N,Fail,-30.0,106,5,18,21.2,1,67.0,0,1,1
BBB,2013J,601551,F,London Region,Lower Than A Level,30-40%,0-35,0,60,Y,Fail,-30.0,17,4,8,4.25,1,63.0,0,1,1
BBB,2013J,601558,F,London Region,Lower Than A Level,0-10%,0-35,0,60,N,Fail,-12.0,7,1,5,7.0,1,74.0,0,1,1
BBB,2013J,601635,M,South East Region,HE Qualification,70-80%,0-35,0,60,N,Pass,-29.0,94,5,17,18.8,1,85.0,0,1,0
BBB,2013J,601655,M,Scotland,A Level or Equivalent,50-60%,35-55,0,60,N,Pass,-59.0,246,15,17,16.4,1,61.0,0,1,0
BBB,2013J,601706,F,East Anglian Region,A Level or Equivalent,70-80%,0-35,0,60,Y,Withdrawn,-58.0,256,15,8,17.066666666666666,1,69.0,0,1,1
BBB,2013J,601885,F,West Midlands Region,A Level or Equivalent,0-10%,0-35,0,60,N,Pass,-58.0,38,2,11,19.0,0,,0,0,0
BBB,2013J,601887,F,South West Region,Lower Than A Level,30-40%,0-35,0,60,N,Pass,-58.0,64,6,12,10.666666666666666,1,67.0,0,1,0
BBB,2013J,601896,F,Scotland,Lower Than A Level,20-30%,0-35,0,60,N,Fail,-53.0,53,4,18,13.25,1,63.0,0,1,1
BBB,2013J,601934,F,North Western Region,Lower Than A Level,0-10%,35-55,0,180,N,Fail,-52.0,178,10,27,17.8,1,33.0,0,1,1
BBB,2013J,601951,F,West Midlands Region,Lower Than A Level,10-20,0-35,0,60,N,Fail,-52.0,294,16,16,18.375,1,75.0,0,1,1
BBB,2013J,602009,F,Wales,HE Qualification,50-60%,0-35,0,60,N,Pass,-58.0,46,5,7,9.2,1,75.0,0,1,0
BBB,2013J,602014,F,Wales,Lower Than A Level,10-20,0-35,0,60,N,Pass,-35.0,270,5,24,54.0,1,71.0,0,1,0
BBB,2013J,602032,F,East Anglian Region,Lower Than A Level,60-70%,0-35,0,60,N,Fail,-57.0,56,8,11,7.0,1,60.0,0,1,1
BBB,2013J,602066,M,North Western Region,A Level or Equivalent,50-60%,0-35,0,120,N,Pass,-35.0,154,14,23,11.0,1,65.0,0,1,0
BBB,2013J,602147,F,Ireland,Lower Than A Level,0-10%,0-35,0,60,N,Pass,-18.0,0,0,0,0.0,1,85.0,0,1,0
BBB,2013J,602245,F,Scotland,Lower Than A Level,10-20,35-55,0,60,N,Pass,-45.0,2053,22,36,93.31818181818181,1,75.0,0,1,0
BBB,2013J,602324,F,Scotland,HE Qualification,30-40%,0-35,0,60,N,Fail,-56.0,26,3,3,8.666666666666666,1,63.0,0,1,1
BBB,2013J,602395,F,East Anglian Region,Lower Than A Level,90-100%,0-35,0,90,N,Pass,-56.0,115,7,7,16.428571428571427,1,78.0,0,1,0
BBB,2013J,602458,F,Scotland,HE Qualification,20-30%,35-55,0,60,N,Pass,-46.0,102,10,13,10.2,1,86.0,0,1,0
BBB,2013J,602483,F,East Anglian Region,Lower Than A Level,70-80%,0-35,0,60,N,Fail,-29.0,3,1,2,3.0,1,72.0,1,1,1
BBB,2013J,602496,F,Yorkshire Region,HE Qualification,0-10%,0-35,0,60,N,Pass,-32.0,49,3,13,16.333333333333332,1,77.0,0,1,0
BBB,2013J,602598,F,East Anglian Region,Lower Than A Level,50-60%,0-35,0,120,N,Fail,-53.0,0,0,0,0.0,1,45.0,1,1,1
BBB,2013J,602652,F,East Anglian Region,Lower Than A Level,80-90%,0-35,0,60,N,Withdrawn,-45.0,37,6,15,6.166666666666667,1,69.0,0,1,1
BBB,2013J,602739,F,North Western Region,Lower Than A Level,50-60%,0-35,0,60,N,Withdrawn,-53.0,109,9,15,12.11111111111111,1,69.0,0,1,1
BBB,2013J,602767,F,North Western Region,Lower Than A Level,0-10%,0-35,0,60,N,Fail,-53.0,165,10,21,16.5,1,56.0,1,1,1
BBB,2013J,602826,F,East Anglian Region,A Level or Equivalent,90-100%,0-35,0,240,N,Fail,-53.0,335,15,11,22.333333333333332,1,84.0,0,1,1
BBB,2013J,602863,F,North Western Region,Lower Than A Level,10-20,0-35,0,60,N,Withdrawn,-31.0,0,0,0,0.0,0,,0,0,1
BBB,2013J,603012,F,East Anglian Region,Lower Than A Level,20-30%,0-35,0,60,N,Pass,-31.0,128,8,9,16.0,1,83.0,0,1,0
BBB,2013J,603035,F,Yorkshire Region,Lower Than A Level,50-60%,35-55,0,60,N,Pass,-49.0,10,4,4,2.5,1,73.0,0,1,0
BBB,2013J,603036,F,Wales,HE Qualification,10-20,0-35,0,120,N,Pass,-53.0,228,13,31,17.53846153846154,1,81.0,0,1,0
BBB,2013J,603038,F,Wales,HE Qualification,10-20,35-55,0,120,N,Pass,-53.0,30,2,11,15.0,1,79.0,0,1,0
BBB,2013J,603123,F,South East Region,A Level or Equivalent,90-100%,0-35,0,60,N,Pass,-36.0,6,3,2,2.0,1,71.0,0,1,0
BBB,2013J,603165,F,Wales,HE Qualification,40-50%,35-55,0,60,N,Distinction,-35.0,37,5,6,7.4,1,85.0,0,1,0
BBB,2013J,603210,F,Scotland,A Level or Equivalent,0-10%,35-55,0,120,N,Pass,-4.0,60,5,13,12.0,1,70.0,0,1,0
BBB,2013J,603265,F,Scotland,A Level or Equivalent,50-60%,0-35,0,60,N,Fail,-28.0,32,1,3,32.0,1,77.0,0,1,1
BBB,2013J,603270,F,South West Region,A Level or Equivalent,10-20,0-35,0,60,N,Fail,-52.0,178,12,21,14.833333333333334,1,64.0,0,1,1
BBB,2013J,603287,F,East Midlands Region,A Level or Equivalent,90-100%,0-35,0,60,N,Pass,-46.0,21,3,2,7.0,1,65.0,0,1,0
BBB,2013J,603398,F,Scotland,Lower Than A Level,40-50%,35-55,0,60,N,Pass,-30.0,159,12,14,13.25,1,87.0,0,1,0
BBB,2013J,603440,F,South Region,A Level or Equivalent,90-100%,0-35,0,120,N,Pass,-52.0,145,10,16,14.5,1,45.0,0,1,0
BBB,2013J,603446,F,East Anglian Region,A Level or Equivalent,60-70%,35-55,0,120,N,Pass,-52.0,336,16,29,21.0,1,57.0,0,1,0
BBB,2013J,603601,F,South West Region,Lower Than A Level,20-30%,35-55,0,60,N,Pass,-32.0,281,17,18,16.529411764705884,1,63.0,0,1,0
BBB,2013J,603627,F,East Anglian Region,A Level or Equivalent,80-90%,0-35,0,120,N,Distinction,-28.0,26,4,4,6.5,1,74.0,0,1,0
BBB,2013J,603661,F,South Region,HE Qualification,80-90%,35-55,0,60,N,Pass,-30.0,179,11,25,16.272727272727273,1,88.0,0,1,0
BBB,2013J,603818,F,South Region,Lower Than A Level,30-40%,0-35,0,120,N,Withdrawn,-32.0,213,17,42,12.529411764705882,1,59.0,1,1,1
BBB,2013J,603908,F,Ireland,Lower Than A Level,30-40%,0-35,0,60,N,Pass,-22.0,180,13,18,13.846153846153847,1,66.0,0,1,0
BBB,2013J,603910,F,Ireland,Lower Than A Level,40-50%,35-55,0,60,N,Withdrawn,-15.0,140,8,17,17.5,1,53.0,1,1,1
BBB,2013J,603912,F,Yorkshire Region,Lower Than A Level,40-50%,35-55,0,60,N,Distinction,-28.0,83,5,18,16.6,1,71.0,0,1,0
BBB,2013J,604095,F,South Region,Lower Than A Level,60-70%,0-35,0,120,N,Fail,-36.0,26,3,11,8.666666666666666,1,60.0,1,1,1
BBB,2013J,604116,F,East Anglian Region,A Level or Equivalent,60-70%,35-55,0,60,N,Distinction,-22.0,19,4,5,4.75,1,65.0,0,1,0
BBB,2013J,604118,F,South Region,HE Qualification,70-80%,35-55,0,120,N,Fail,-38.0,0,0,0,0.0,0,,0,0,1
BBB,2013J,604147,F,Scotland,A Level or Equivalent,50-60%,35-55,0,60,N,Fail,-32.0,18,1,2,18.0,1,75.0,0,1,1
BBB,2013J,604151,F,South East Region,HE Qualification,70-80%,0-35,0,120,N,Distinction,-19.0,34,5,6,6.8,1,71.0,0,1,0
BBB,2013J,604154,F,Ireland,Lower Than A Level,10-20,0-35,0,60,N,Pass,-3.0,83,7,3,11.857142857142858,1,59.0,0,1,0
BBB,2013J,604187,F,West Midlands Region,A Level or Equivalent,90-100%,0-35,0,60,N,Pass,-32.0,170,13,15,13.076923076923077,1,81.0,0,1,0
BBB,2013J,604196,F,Ireland,A Level or Equivalent,0-10%,0-35,0,60,Y,Pass,-22.0,162,7,5,23.142857142857142,1,80.0,0,1,0
BBB,2013J,604200,F,South West Region,Lower Than A Level,20-30%,0-35,0,60,N,Pass,-42.0,2248,31,19,72.51612903225806,1,78.0,0,1,0
BBB,2013J,604204,F,Ireland,Lower Than A Level,20-30%,35-55,0,60,N,Pass,-3.0,227,19,13,11.947368421052632,1,75.0,0,1,0
BBB,2013J,604238,F,West Midlands Region,Lower Than A Level,90-100%,0-35,0,60,N,Pass,-42.0,66,11,13,6.0,1,72.0,0,1,0
BBB,2013J,604292,F,North Western Region,A Level or Equivalent,10-20,35-55,0,60,N,Pass,-38.0,940,16,22,58.75,1,80.0,0,1,0
BBB,2013J,604315,F,West Midlands Region,A Level or Equivalent,0-10%,0-35,0,120,N,Distinction,-49.0,187,21,15,8.904761904761905,1,75.0,0,1,0
BBB,2013J,604356,F,East Anglian Region,Lower Than A Level,40-50%,0-35,0,60,N,Pass,-49.0,253,14,18,18.071428571428573,1,79.0,0,1,0
BBB,2013J,604543,F,Yorkshire Region,A Level or Equivalent,10-20,0-35,0,60,Y,Pass,-38.0,151,8,20,18.875,1,58.0,0,1,0
BBB,2013J,604556,F,North Region,A Level or Equivalent,0-10%,0-35,0,120,N,Pass,-37.0,38,3,7,12.666666666666666,1,63.0,0,1,0
BBB,2013J,604731,F,London Region,Lower Than A Level,30-40%,0-35,0,60,N,Fail,-42.0,190,10,19,19.0,1,70.0,0,1,1
BBB,2013J,604752,F,North Region,Lower Than A Level,10-20,0-35,0,60,N,Fail,-46.0,164,10,15,16.4,1,57.0,0,1,1
BBB,2013J,604916,F,Ireland,A Level or Equivalent,10-20,0-35,0,60,N,Pass,-22.0,159,5,25,31.8,1,55.0,1,1,0
BBB,2013J,604917,F,Scotland,HE Qualification,60-70%,35-55,0,60,N,Pass,-24.0,475,14,38,33.92857142857143,1,71.0,0,1,0
BBB,2013J,604919,F,South Region,A Level or Equivalent,80-90%,0-35,0,60,N,Pass,-36.0,89,7,22,12.714285714285714,1,75.0,0,1,0
BBB,2013J,604921,F,Ireland,Lower Than A Level,0-10%,35-55,0,60,N,Fail,-4.0,509,24,28,21.208333333333332,1,43.0,0,1,1
BBB,2013J,604923,F,Ireland,Lower Than A Level,10-20,35-55,0,60,N,Fail,-8.0,1,1,1,1.0,1,40.0,0,1,1
BBB,2013J,604932,F,Ireland,A Level or Equivalent,60-70%,35-55,0,60,N,Pass,-8.0,100,10,10,10.0,1,48.0,0,1,0
BBB,2013J,604939,F,North Western Region,Lower Than A Level,30-40%,0-35,0,60,Y,Fail,-46.0,93,7,6,13.285714285714286,1,71.0,0,1,1
BBB,2013J,604942,F,Ireland,Lower Than A Level,10-20,0-35,0,60,N,Pass,-5.0,377,16,32,23.5625,1,50.0,0,1,0
BBB,2013J,604951,F,South Region,Lower Than A Level,90-100%,35-55,0,60,N,Fail,-29.0,3,1,3,3.0,1,48.0,1,1,1
BBB,2013J,604962,F,Ireland,A Level or Equivalent,10-20,35-55,0,120,N,Withdrawn,-8.0,245,4,24,61.25,0,,0,0,1
BBB,2013J,604966,F,Ireland,Lower Than A Level,20-30%,35-55,0,60,N,Pass,-8.0,2047,29,33,70.58620689655173,1,82.0,0,1,0
BBB,2013J,604982,F,Ireland,Lower Than A Level,20-30%,0-35,0,60,N,Pass,-8.0,15,10,2,1.5,1,54.0,0,1,0
BBB,2013J,605009,F,West Midlands Region,A Level or Equivalent,90-100%,0-35,0,60,N,Pass,-37.0,102,7,8,14.571428571428571,1,74.0,0,1,0
BBB,2013J,605102,F,West Midlands Region,Lower Than A Level,60-70%,0-35,0,60,N,Pass,-45.0,86,7,19,12.285714285714286,1,72.0,0,1,0
BBB,2013J,605207,F,South East Region,Lower Than A Level,60-70%,35-55,0,120,Y,Pass,-31.0,161,15,24,10.733333333333333,1,86.0,0,1,0
BBB,2013J,605246,F,East Midlands Region,HE Qualification,30-40%,0-35,0,60,N,Pass,-30.0,10,4,5,2.5,1,53.0,1,1,0
BBB,2013J,605255,F,Yorkshire Region,A Level or Equivalent,20-30%,0-35,0,120,N,Fail,-36.0,213,22,19,9.681818181818182,1,76.0,0,1,1
BBB,2013J,605309,F,West Midlands Region,A Level or Equivalent,40-50%,0-35,0,60,N,Fail,-45.0,30,8,9,3.75,1,80.0,0,1,1
BBB,2013J,605327,F,Ireland,Lower Than A Level,0-10%,0-35,0,60,N,Fail,-31.0,156,7,11,22.285714285714285,1,67.0,0,1,1
BBB,2013J,605390,F,Ireland,Lower Than A Level,50-60%,35-55,0,60,N,Pass,-31.0,352,15,19,23.466666666666665,1,62.0,0,1,0
BBB,2013J,605438,F,Scotland,Post Graduate Qualification,60-70%,35-55,0,60,N,Distinction,-38.0,246,14,16,17.571428571428573,1,94.0,0,1,0
BBB,2013J,605494,F,North Region,Lower Than A Level,30-40%,0-35,0,120,N,Fail,-44.0,0,0,0,0.0,0,,0,0,1
BBB,2013J,605505,F,London Region,A Level or Equivalent,10-20,35-55,0,60,N,Withdrawn,-37.0,54,4,17,13.5,0,,0,0,1
BBB,2013J,605594,F,London Region,Lower Than A Level,30-40%,0-35,0,120,N,Fail,-35.0,10,3,5,3.3333333333333335,1,60.0,0,1,1
BBB,2013J,605595,F,East Anglian Region,Lower Than A Level,70-80%,0-35,0,60,Y,Fail,-44.0,193,9,19,21.444444444444443,1,55.0,0,1,1
BBB,2013J,605679,F,East Anglian Region,A Level or Equivalent,30-40%,0-35,0,60,N,Pass,-36.0,2,1,2,2.0,1,58.0,0,1,0
BBB,2013J,605832,F,East Midlands Region,A Level or Equivalent,0-10%,0-35,0,60,Y,Pass,-21.0,22,3,10,7.333333333333333,1,77.0,0,1,0
BBB,2013J,605854,M,East Anglian Region,A Level or Equivalent,0-10%,35-55,0,60,N,Fail,-38.0,7,2,6,3.5,1,49.0,0,1,1
BBB,2013J,605882,F,Ireland,A Level or Equivalent,0-10%,0-35,0,60,N,Withdrawn,-3.0,6,2,4,3.0,1,55.0,0,1,1
BBB,2013J,605916,F,South Region,A Level or Equivalent,10-20,35-55,0,60,N,Pass,-44.0,151,18,12,8.38888888888889,1,73.0,0,1,0
BBB,2013J,605930,F,Ireland,Lower Than A Level,30-40%,35-55,0,60,N,Pass,-17.0,2,1,1,2.0,1,60.0,0,1,0
BBB,2013J,606063,F,Yorkshire Region,HE Qualification,20-30%,0-35,0,60,N,Withdrawn,-43.0,37,4,13,9.25,1,63.0,0,1,1
BBB,2013J,606097,F,Wales,A Level or Equivalent,10-20,0-35,0,120,N,Pass,-35.0,178,7,28,25.428571428571427,1,90.0,0,1,0
BBB,2013J,606179,F,South West Region,A Level or Equivalent,80-90%,0-35,0,60,N,Distinction,-43.0,163,10,16,16.3,1,86.0,0,1,0
BBB,2013J,606194,F,South East Region,A Level or Equivalent,90-100%,35-55,0,120,N,Pass,-10.0,195,10,19,19.5,1,74.0,0,1,0
BBB,2013J,606229,F,West Midlands Region,A Level or Equivalent,70-80%,0-35,0,120,N,Pass,-42.0,90,4,13,22.5,1,69.0,0,1,0
BBB,2013J,606355,F,Yorkshire Region,A Level or Equivalent,50-60%,35-55,0,120,N,Withdrawn,-42.0,306,21,28,14.571428571428571,1,65.0,0,1,1
BBB,2013J,606377,F,South Region,A Level or Equivalent,20-30%,0-35,0,120,N,Pass,-38.0,2,2,1,1.0,1,65.0,0,1,0
BBB,2013J,606388,F,Scotland,HE Qualification,0-10%,0-35,0,150,N,Withdrawn,-17.0,40,4,11,10.0,1,79.0,0,1,1
BBB,2013J,606410,M,Ireland,Lower Than A Level,10-20,0-35,0,60,N,Pass,-22.0,59,8,6,7.375,1,70.0,0,1,0
BBB,2013J,606412,F,Ireland,Lower Than A Level,70-80%,0-35,0,60,N,Pass,-17.0,26,4,7,6.5,1,68.0,0,1,0
BBB,2013J,606414,F,Ireland,A Level or Equivalent,60-70%,35-55,0,60,N,Pass,-22.0,226,18,22,12.555555555555555,1,72.0,0,1,0
BBB,2013J,606420,F,Ireland,Lower Than A Level,70-80%,0-35,0,60,N,Pass,-8.0,236,22,13,10.727272727272727,1,59.0,0,1,0
BBB,2013J,606422,F,Ireland,Lower Than A Level,80-90%,0-35,0,60,N,Pass,-31.0,58,2,11,29.0,1,71.0,0,1,0
BBB,2013J,606450,F,Ireland,Lower Than A Level,30-40%,35-55,0,60,N,Distinction,-25.0,86,11,13,7.818181818181818,1,66.0,0,1,0
BBB,2013J,606458,F,Ireland,Lower Than A Level,30-40%,35-55,0,60,N,Pass,-1.0,38,3,11,12.666666666666666,1,57.0,0,1,0
BBB,2013J,606465,M,South East Region,A Level or Equivalent,70-80%,0-35,0,60,N,Pass,-22.0,36,6,10,6.0,1,95.0,0,1,0
BBB,2013J,606477,F,London Region,Lower Than A Level,20-30%,35-55,0,60,N,Withdrawn,-21.0,40,3,10,13.333333333333334,0,,0,0,1
BBB,2013J,606546,F,East Anglian Region,Lower Than A Level,50-60%,0-35,0,60,N,Pass,-42.0,183,12,14,15.25,1,65.0,0,1,0
BBB,2013J,606562,F,South Region,HE Qualification,40-50%,0-35,0,120,N,Distinction,-42.0,552,24,20,23.0,1,79.0,0,1,0
BBB,2013J,606572,F,West Midlands Region,A Level or Equivalent,0-10%,35-55,0,120,N,Pass,-30.0,148,9,19,16.444444444444443,1,83.0,0,1,0
BBB,2013J,606607,F,Ireland,Lower Than A Level,90-100%,0-35,0,60,N,Withdrawn,-22.0,0,0,0,0.0,0,,0,0,1
BBB,2013J,606651,F,South West Region,Lower Than A Level,60-70%,0-35,0,120,N,Fail,-38.0,30,2,8,15.0,1,49.0,0,1,1
BBB,2013J,606685,M,Wales,A Level or Equivalent,30-40%,0-35,0,60,N,Pass,-21.0,300,15,24,20.0,1,90.0,0,1,0
BBB,2013J,606697,F,Scotland,Lower Than A Level,30-40%,0-35,0,60,N,Pass,-10.0,69,6,13,11.5,1,62.0,1,1,0
BBB,2013J,606736,F,East Anglian Region,Lower Than A Level,70-80%,0-35,0,60,N,Withdrawn,-38.0,108,6,9,18.0,1,90.0,0,1,1
BBB,2013J,606762,F,South East Region,A Level or Equivalent,40-50%,0-35,0,60,N,Fail,-38.0,64,9,8,7.111111111111111,1,74.0,1,1,1
BBB,2013J,606827,F,North Western Region,A Level or Equivalent,10-20,0-35,0,120,N,Withdrawn,-38.0,10,3,6,3.3333333333333335,1,60.0,0,1,1
BBB,2013J,607097,F,North Region,A Level or Equivalent,70-80%,0-35,0,120,N,Pass,-38.0,341,17,21,20.058823529411764,1,72.0,0,1,0
BBB,2013J,607286,F,West Midlands Region,A Level or Equivalent,0-10%,0-35,0,180,N,Withdrawn,-22.0,62,4,11,15.5,1,71.0,1,1,1
BBB,2013J,607300,F,London Region,Lower Than A Level,60-70%,0-35,0,120,N,Fail,10.0,53,4,17,13.25,1,72.0,0,1,1
BBB,2013J,607309,F,South East Region,A Level or Equivalent,90-100%,0-35,0,120,N,Withdrawn,-38.0,148,16,18,9.25,1,74.0,0,1,1
BBB,2013J,607382,F,London Region,A Level or Equivalent,10-20,0-35,0,120,N,Fail,-38.0,0,0,0,0.0,1,33.0,0,1,1
BBB,2013J,607398,F,South East Region,A Level or Equivalent,10-20,35-55,0,60,N,Fail,-37.0,513,23,33,22.304347826086957,1,62.0,0,1,1
BBB,2013J,607493,M,Ireland,Lower Than A Level,50-60%,0-35,0,60,N,Pass,-22.0,100,8,9,12.5,1,72.0,0,1,0
BBB,2013J,607642,F,East Anglian Region,HE Qualification,80-90%,0-35,0,60,N,Pass,-19.0,40,4,12,10.0,0,,0,0,0
BBB,2013J,607699,F,London Region,A Level or Equivalent,40-50%,0-35,0,60,N,Fail,-35.0,42,4,11,10.5,1,62.0,0,1,1
BBB,2013J,607725,F,South East Region,A Level or Equivalent,70-80%,0-35,0,60,N,Pass,-24.0,26,1,3,26.0,1,70.0,0,1,0
BBB,2013J,607735,F,Scotland,Lower Than A Level,50-60%,35-55,0,60,N,Pass,-29.0,177,11,16,16.09090909090909,1,80.0,0,1,0
BBB,2013J,607778,F,East Midlands Region,A Level or Equivalent,10-20,0-35,0,60,N,Pass,-37.0,98,5,17,19.6,1,63.0,0,1,0
BBB,2013J,607804,M,Scotland,A Level or Equivalent,90-100%,35-55,0,60,N,Pass,-28.0,71,5,10,14.2,1,71.0,0,1,0
BBB,2013J,607808,F,East Anglian Region,Lower Than A Level,50-60%,0-35,0,120,N,Fail,-31.0,21,4,5,5.25,1,68.0,0,1,1
BBB,2013J,607848,F,North Western Region,Lower Than A Level,20-30%,0-35,0,180,N,Withdrawn,-28.0,96,12,10,8.0,1,84.0,0,1,1
BBB,2013J,607887,F,South Region,Lower Than A Level,90-100%,0-35,0,60,N,Pass,-36.0,28,2,4,14.0,1,70.0,0,1,0
BBB,2013J,607889,F,Wales,A Level or Equivalent,60-70%,35-55,0,60,N,Pass,-29.0,95,12,12,7.916666666666667,1,76.0,0,1,0
BBB,2013J,607892,F,North Region,A Level or Equivalent,,35-55,0,60,N,Distinction,-28.0,357,19,37,18.789473684210527,1,55.0,0,1,0
BBB,2013J,607909,F,Scotland,A Level or Equivalent,70-80%,35-55,0,120,N,Distinction,-29.0,83,5,16,16.6,1,87.0,0,1,0
BBB,2013J,607914,F,North Western Region,A Level or Equivalent,10-20,35-55,0,60,N,Pass,-36.0,994,29,21,34.275862068965516,1,77.0,0,1,0
BBB,2013J,607937,F,Ireland,A Level or Equivalent,50-60%,35-55,0,60,N,Pass,-8.0,541,24,35,22.541666666666668,1,79.0,0,1,0
BBB,2013J,608000,M,Yorkshire Region,Lower Than A Level,90-100%,0-35,0,60,Y,Pass,-35.0,229,14,16,16.357142857142858,1,87.0,0,1,0
BBB,2013J,608041,F,East Anglian Region,A Level or Equivalent,40-50%,0-35,0,60,N,Pass,-36.0,267,9,27,29.666666666666668,1,87.0,0,1,0
BBB,2013J,608047,M,Scotland,Lower Than A Level,70-80%,35-55,0,60,N,Pass,-36.0,156,11,15,14.181818181818182,1,59.0,0,1,0
BBB,2013J,608197,M,Scotland,A Level or Equivalent,60-70%,0-35,0,120,N,Fail,-17.0,0,0,0,0.0,0,,0,0,1
BBB,2013J,608264,F,South West Region,A Level or Equivalent,50-60%,0-35,0,120,N,Pass,-36.0,252,7,21,36.0,1,65.0,0,1,0
BBB,2013J,608419,F,Wales,A Level or Equivalent,30-40%,0-35,0,60,N,Pass,-35.0,119,11,11,10.818181818181818,1,69.0,0,1,0
BBB,2013J,608497,F,South East Region,Lower Than A Level,30-40%,0-35,0,60,N,Withdrawn,-21.0,79,6,18,13.166666666666666,1,90.0,0,1,1
BBB,2013J,608564,F,London Region,A Level or Equivalent,10-20,0-35,0,60,N,Fail,-32.0,3,1,2,3.0,1,70.0,0,1,1
BBB,2013J,608578,F,South West Region,Lower Than A Level,50-60%,0-35,0,60,N,Pass,-29.0,164,10,11,16.4,1,68.0,0,1,0
BBB,2013J,608623,M,East Midlands Region,A Level or Equivalent,70-80%,0-35,0,60,Y,Pass,-35.0,262,15,14,17.466666666666665,1,55.0,0,1,0
BBB,2013J,608647,F,South Region,A Level or Equivalent,60-70%,35-55,0,60,N,Pass,-3.0,32,2,10,16.0,1,70.0,0,1,0
BBB,2013J,608719,F,South East Region,Lower Than A Level,80-90%,35-55,0,120,N,Withdrawn,-35.0,97,8,13,12.125,1,60.0,0,1,1
BBB,2013J,608738,F,West Midlands Region,Lower Than A Level,10-20,0-35,0,120,Y,Fail,-32.0,213,11,22,19.363636363636363,1,80.0,0,1,1
BBB,2013J,608766,F,Ireland,A Level or Equivalent,,35-55,0,120,N,Pass,-22.0,73,10,13,7.3,1,86.0,0,1,0
BBB,2013J,608939,F,Yorkshire Region,Lower Than A Level,60-70%,0-35,0,120,N,Fail,-32.0,237,11,18,21.545454545454547,1,68.0,0,1,1
BBB,2013J,608942,F,London Region,A Level or Equivalent,20-30%,0-35,0,120,N,Withdrawn,-28.0,47,6,18,7.833333333333333,0,,0,0,1
BBB,2013J,609010,F,Wales,A Level or Equivalent,0-10%,0-35,0,60,N,Pass,-32.0,61,3,8,20.333333333333332,1,90.0,0,1,0
BBB,2013J,609046,M,South Region,Lower Than A Level,80-90%,0-35,0,60,N,Pass,-29.0,124,13,20,9.538461538461538,1,83.0,0,1,0
BBB,2013J,609047,F,London Region,A Level or Equivalent,0-10%,0-35,0,60,N,Fail,-22.0,285,14,20,20.357142857142858,1,81.0,0,1,1
BBB,2013J,609193,F,South Region,Lower Than A Level,80-90%,0-35,0,60,N,Withdrawn,-32.0,50,10,11,5.0,1,68.0,0,1,1
BBB,2013J,609230,F,East Midlands Region,Lower Than A Level,10-20,0-35,0,60,N,Withdrawn,-29.0,314,12,25,26.166666666666668,1,73.0,0,1,1
BBB,2013J,609307,F,South East Region,A Level or Equivalent,10-20,0-35,0,60,N,Pass,-31.0,83,4,8,20.75,1,82.0,0,1,0
BBB,2013J,609422,F,Yorkshire Region,Lower Than A Level,80-90%,0-35,0,120,N,Withdrawn,-32.0,118,13,16,9.076923076923077,1,75.0,0,1,1
BBB,2013J,609510,F,South East Region,A Level or Equivalent,70-80%,0-35,0,60,N,Fail,-25.0,29,4,11,7.25,1,73.0,0,1,1
BBB,2013J,609679,F,South West Region,Lower Than A Level,50-60%,35-55,0,60,N,Pass,-25.0,178,12,17,14.833333333333334,1,70.0,0,1,0
BBB,2013J,609704,F,South West Region,A Level or Equivalent,90-100%,0-35,0,60,N,Pass,-25.0,248,13,17,19.076923076923077,1,70.0,0,1,0
BBB,2013J,609764,M,Scotland,Lower Than A Level,30-40%,0-35,0,60,N,Fail,-24.0,17,4,4,4.25,1,73.0,0,1,1
BBB,2013J,609804,M,Scotland,HE Qualification,30-40%,35-55,0,60,N,Fail,-29.0,10,2,2,5.0,1,75.0,0,1,1
BBB,2013J,609811,F,Scotland,HE Qualification,0-10%,0-35,0,60,N,Distinction,-29.0,253,15,16,16.866666666666667,1,95.0,0,1,0
BBB,2013J,609812,F,Scotland,HE Qualification,90-100%,0-35,0,60,N,Pass,-29.0,2,2,1,1.0,1,58.0,1,1,0
BBB,2013J,609815,F,Scotland,HE Qualification,80-90%,0-35,0,60,N,Pass,-29.0,90,8,9,11.25,1,65.0,0,1,0
BBB,2013J,609817,F,Scotland,A Level or Equivalent,70-80%,0-35,0,60,N,Pass,-29.0,76,6,19,12.666666666666666,1,63.0,1,1,0
BBB,2013J,609850,F,Scotland,Lower Than A Level,20-30%,35-55,0,60,N,Fail,-28.0,180,6,17,30.0,1,55.0,0,1,1
BBB,2013J,609864,F,Scotland,A Level or Equivalent,20-30%,0-35,0,60,N,Pass,-29.0,20,2,7,10.0,1,61.0,1,1,0
BBB,2013J,609871,M,Scotland,A Level or Equivalent,10-20,0-35,0,60,N,Pass,-29.0,60,5,12,12.0,1,58.0,1,1,0
BBB,2013J,609873,F,Scotland,HE Qualification,30-40%,0-35,0,120,N,Withdrawn,-29.0,48,8,10,6.0,1,73.0,0,1,1
BBB,2013J,609887,F,East Anglian Region,No Formal quals,10-20,0-35,0,60,N,Fail,-31.0,121,9,23,13.444444444444445,1,60.0,1,1,1
BBB,2013J,610032,F,London Region,A Level or Equivalent,0-10%,35-55,0,60,N,Distinction,-21.0,469,14,18,33.5,1,79.0,0,1,0
BBB,2013J,610059,F,Ireland,A Level or Equivalent,0-10%,0-35,1,60,N,Pass,-22.0,113,6,5,18.833333333333332,1,65.0,0,1,0
BBB,2013J,610118,M,Ireland,A Level or Equivalent,,35-55,0,60,N,Fail,-31.0,0,0,0,0.0,0,,0,0,1
BBB,2013J,610260,F,South West Region,HE Qualification,70-80%,0-35,0,60,N,Pass,-28.0,109,13,13,8.384615384615385,1,75.0,0,1,0
BBB,2013J,610362,F,London Region,Lower Than A Level,20-30%,35-55,0,60,N,Pass,-30.0,228,9,26,25.333333333333332,1,61.0,0,1,0
BBB,2013J,610423,M,Wales,A Level or Equivalent,30-40%,0-35,0,60,N,Fail,-29.0,81,5,17,16.2,1,73.0,0,1,1
BBB,2013J,610428,F,Wales,A Level or Equivalent,0-10%,35-55,0,60,N,Pass,-30.0,20,4,6,5.0,1,67.0,0,1,0
BBB,2013J,610553,F,East Anglian Region,A Level or Equivalent,50-60%,0-35,0,60,N,Pass,-30.0,95,16,16,5.9375,1,65.0,0,1,0
BBB,2013J,610700,F,South West Region,Lower Than A Level,60-70%,0-35,0,120,N,Fail,-29.0,3,1,1,3.0,0,,0,0,1
BBB,2013J,610725,M,Wales,A Level or Equivalent,60-70%,0-35,0,60,N,Pass,-29.0,8,1,3,8.0,0,,0,0,0
BBB,2013J,610731,F,Wales,Lower Than A Level,90-100%,35-55,0,60,N,Fail,-29.0,24,2,9,12.0,1,66.0,0,1,1
BBB,2013J,610740,F,Wales,Lower Than A Level,40-50%,0-35,0,60,N,Fail,-29.0,0,0,0,0.0,0,,0,0,1
BBB,2013J,610744,F,Wales,Lower Than A Level,80-90%,0-35,0,60,N,Fail,-29.0,0,0,0,0.0,0,,0,0,1
BBB,2013J,610745,F,East Anglian Region,A Level or Equivalent,90-100%,35-55,0,60,N,Pass,-29.0,378,22,28,17.181818181818183,1,63.0,0,1,0
BBB,2013J,610748,F,Wales,No Formal quals,30-40%,0-35,0,60,N,Withdrawn,-29.0,0,0,0,0.0,0,,0,0,1
BBB,2013J,610750,F,East Anglian Region,HE Qualification,80-90%,35-55,0,60,N,Distinction,-29.0,100,6,19,16.666666666666668,1,78.0,0,1,0
BBB,2013J,610751,F,Wales,A Level or Equivalent,40-50%,35-55,0,60,N,Fail,-29.0,10,1,4,10.0,0,,0,0,1
BBB,2013J,610763,M,Wales,HE Qualification,90-100%,0-35,0,60,N,Pass,-29.0,46,8,9,5.75,1,84.0,0,1,0
BBB,2013J,610772,M,Wales,HE Qualification,10-20,35-55,0,60,N,Fail,-29.0,0,0,0,0.0,0,,0,0,1
BBB,2013J,610776,F,Wales,A Level or Equivalent,0-10%,0-35,0,60,N,Fail,-29.0,13,1,5,13.0,0,,0,0,1
BBB,2013J,610780,F,East Midlands Region,A Level or Equivalent,0-10%,0-35,0,120,N,Fail,-28.0,36,4,10,9.0,1,72.0,0,1,1
BBB,2013J,610802,F,Wales,A Level or Equivalent,40-50%,35-55,0,120,N,Withdrawn,-29.0,183,11,20,16.636363636363637,1,74.0,1,1,1
BBB,2013J,610804,F,Wales,A Level or Equivalent,80-90%,0-35,0,60,N,Fail,-29.0,20,2,10,10.0,1,78.0,0,1,1
BBB,2013J,610906,F,West Midlands Region,A Level or Equivalent,80-90%,0-35,0,60,N,Pass,-29.0,29,7,8,4.142857142857143,1,80.0,1,1,0
BBB,2013J,611004,F,Wales,A Level or Equivalent,60-70%,0-35,0,60,N,Fail,-29.0,9,3,4,3.0,1,74.0,0,1,1
BBB,2013J,611012,F,South Region,A Level or Equivalent,70-80%,35-55,0,60,N,Pass,-29.0,194,12,27,16.166666666666668,1,70.0,0,1,0
BBB,2013J,611017,F,South Region,A Level or Equivalent,50-60%,0-35,0,60,N,Pass,-29.0,127,11,13,11.545454545454545,1,87.0,0,1,0
BBB,2013J,611023,F,Wales,Lower Than A Level,60-70%,0-35,0,60,N,Pass,-29.0,7,1,1,7.0,1,78.0,0,1,0
BBB,2013J,611048,M,Wales,A Level or Equivalent,70-80%,0-35,0,60,N,Fail,-29.0,32,5,11,6.4,1,60.0,1,1,1
BBB,2013J,611051,M,Wales,HE Qualification,30-40%,35-55,0,60,N,Fail,-29.0,118,5,16,23.6,1,11.0,0,1,1
BBB,2013J,611060,F,Wales,HE Qualification,70-80%,35-55,0,60,N,Pass,-29.0,61,4,16,15.25,1,67.0,1,1,0
BBB,2013J,611096,M,Wales,No Formal quals,10-20,0-35,0,60,N,Fail,-29.0,36,2,8,18.0,0,,0,0,1
BBB,2013J,611182,F,North Western Region,Lower Than A Level,30-40%,0-35,0,60,N,Fail,-27.0,9,3,6,3.0,1,77.0,0,1,1
BBB,2013J,611228,F,West Midlands Region,A Level or Equivalent,30-40%,0-35,0,60,N,Pass,-28.0,88,6,12,14.666666666666666,1,70.0,0,1,0
BBB,2013J,611268,F,North Western Region,A Level or Equivalent,20-30%,35-55,0,120,N,Fail,-28.0,153,4,11,38.25,1,88.0,0,1,1
BBB,2013J,611315,F,East Midlands Region,A Level or Equivalent,80-90%,35-55,0,60,N,Distinction,-28.0,294,13,24,22.615384615384617,1,82.0,0,1,0
BBB,2013J,611345,F,Wales,Lower Than A Level,90-100%,0-35,0,60,N,Withdrawn,-28.0,0,0,0,0.0,0,,0,0,1
BBB,2013J,611383,F,East Midlands Region,A Level or Equivalent,40-50%,35-55,0,120,N,Distinction,-16.0,105,12,15,8.75,1,69.0,0,1,0
BBB,2013J,611531,M,Scotland,Lower Than A Level,30-40%,35-55,0,60,N,Pass,-21.0,525,21,29,25.0,1,85.0,0,1,0
BBB,2013J,611688,F,Ireland,Lower Than A Level,60-70%,0-35,0,60,N,Pass,-22.0,216,14,14,15.428571428571429,1,70.0,1,1,0
BBB,2013J,611690,F,Ireland,A Level or Equivalent,80-90%,0-35,0,60,N,Pass,-4.0,11,2,4,5.5,1,71.0,0,1,0
BBB,2013J,612210,F,Scotland,A Level or Equivalent,50-60%,0-35,0,60,N,Pass,-24.0,71,6,16,11.833333333333334,1,72.0,0,1,0
BBB,2013J,612217,F,Yorkshire Region,Lower Than A Level,70-80%,35-55,0,180,N,Pass,-15.0,68,4,17,17.0,1,81.0,0,1,0
BBB,2013J,612252,M,South East Region,A Level or Equivalent,10-20,35-55,0,60,N,Pass,-24.0,105,6,13,17.5,1,70.0,0,1,0
BBB,2013J,612255,M,South East Region,Lower Than A Level,20-30%,35-55,0,60,N,Pass,-24.0,80,7,13,11.428571428571429,1,77.0,0,1,0
BBB,2013J,612355,F,South East Region,A Level or Equivalent,30-40%,0-35,0,60,N,Pass,-24.0,103,11,23,9.363636363636363,1,87.0,0,1,0
BBB,2013J,612361,F,South East Region,A Level or Equivalent,40-50%,35-55,0,60,N,Pass,-24.0,120,7,12,17.142857142857142,1,79.0,0,1,0
BBB,2013J,612484,F,Ireland,A Level or Equivalent,60-70%,35-55,0,60,N,Pass,-4.0,375,26,23,14.423076923076923,1,90.0,0,1,0
BBB,2013J,612488,F,Ireland,A Level or Equivalent,10-20,0-35,0,60,N,Distinction,-8.0,378,20,24,18.9,1,66.0,0,1,0
BBB,2013J,612517,F,Ireland,A Level or Equivalent,0-10%,0-35,0,60,N,Pass,-16.0,3,3,1,1.0,1,72.0,0,1,0
BBB,2013J,612656,F,South East Region,HE Qualification,90-100%,35-55,0,120,N,Distinction,-22.0,152,10,20,15.2,1,81.0,0,1,0
BBB,2013J,612658,F,South East Region,HE Qualification,30-40%,0-35,0,120,N,Distinction,-22.0,110,12,11,9.166666666666666,1,87.0,0,1,0
BBB,2013J,612661,F,South East Region,HE Qualification,90-100%,35-55,0,120,N,Distinction,-22.0,156,8,21,19.5,1,79.0,0,1,0
BBB,2013J,612684,F,Yorkshire Region,Lower Than A Level,50-60%,0-35,0,120,N,Pass,-22.0,103,4,16,25.75,1,82.0,0,1,0
BBB,2013J,612757,M,North Region,HE Qualification,80-90%,35-55,0,120,N,Pass,-22.0,225,12,25,18.75,1,89.0,0,1,0
BBB,2013J,612891,F,Ireland,Lower Than A Level,30-40%,35-55,0,60,N,Pass,-2.0,339,14,30,24.214285714285715,1,59.0,0,1,0
BBB,2013J,613051,F,Ireland,Lower Than A Level,0-10%,35-55,0,60,N,Fail,-8.0,13,1,6,13.0,0,,0,0,1
BBB,2013J,613158,F,Ireland,Lower Than A Level,70-80%,35-55,0,60,N,Pass,-1.0,199,18,23,11.055555555555555,1,74.0,0,1,0
BBB,2013J,613160,F,Ireland,A Level or Equivalent,40-50%,0-35,0,60,N,Distinction,-2.0,62,6,10,10.333333333333334,1,76.0,0,1,0
BBB,2013J,613162,M,Ireland,A Level or Equivalent,40-50%,0-35,0,120,N,Withdrawn,2.0,23,4,7,5.75,1,62.0,0,1,1
BBB,2013J,613164,F,Ireland,A Level or Equivalent,40-50%,35-55,0,60,N,Distinction,-8.0,21,5,8,4.2,1,78.0,0,1,0
BBB,2013J,613171,F,Scotland,Lower Than A Level,30-40%,35-55,0,60,N,Pass,-21.0,43,9,10,4.777777777777778,1,71.0,0,1,0
BBB,2013J,613173,F,Scotland,A Level or Equivalent,60-70%,35-55,0,60,N,Pass,-21.0,194,6,15,32.333333333333336,1,61.0,0,1,0
BBB,2013J,613175,F,Ireland,A Level or Equivalent,40-50%,0-35,0,60,N,Fail,-7.0,32,4,5,8.0,1,85.0,0,1,1
BBB,2013J,613177,F,Ireland,A Level or Equivalent,20-30%,35-55,0,60,N,Pass,-7.0,380,19,26,20.0,1,78.0,0,1,0
BBB,2013J,613191,F,Ireland,Lower Than A Level,20-30%,0-35,0,60,N,Withdrawn,-7.0,157,10,20,15.7,1,69.0,0,1,1
BBB,2013J,613196,F,Ireland,Lower Than A Level,20-30%,35-55,0,60,N,Pass,-7.0,35,3,10,11.666666666666666,1,70.0,0,1,0
BBB,2013J,613199,F,Ireland,A Level or Equivalent,0-10%,0-35,0,120,Y,Withdrawn,5.0,99,8,11,12.375,1,72.0,0,1,1
BBB,2013J,613200,F,Ireland,Lower Than A Level,30-40%,0-35,0,60,N,Pass,2.0,118,10,8,11.8,1,63.0,0,1,0
BBB,2013J,613203,F,Ireland,HE Qualification,60-70%,0-35,0,60,N,Distinction,-7.0,119,8,16,14.875,1,87.0,0,1,0
BBB,2013J,613208,F,Ireland,A Level or Equivalent,50-60%,35-55,0,60,N,Pass,-7.0,9,2,5,4.5,1,70.0,0,1,0
BBB,2013J,613293,F,Ireland,Lower Than A Level,20-30%,35-55,0,60,N,Pass,-7.0,114,6,24,19.0,1,85.0,0,1,0
BBB,2013J,613298,M,Ireland,HE Qualification,80-90%,0-35,0,60,N,Withdrawn,2.0,2,2,1,1.0,1,62.0,0,1,1
BBB,2013J,613416,M,East Anglian Region,A Level or Equivalent,40-50%,0-35,0,60,N,Pass,-20.0,101,6,12,16.833333333333332,1,76.0,1,1,0
BBB,2013J,613418,F,East Anglian Region,A Level or Equivalent,0-10%,0-35,0,60,N,Pass,-20.0,166,13,24,12.76923076923077,1,74.0,0,1,0
BBB,2013J,613735,F,South East Region,HE Qualification,70-80%,35-55,0,120,N,Distinction,-18.0,159,14,30,11.357142857142858,1,83.0,0,1,0
BBB,2013J,613738,F,South East Region,HE Qualification,30-40%,0-35,0,120,N,Pass,-18.0,261,22,13,11.863636363636363,1,85.0,0,1,0
BBB,2013J,614013,F,Wales,A Level or Equivalent,40-50%,0-35,0,60,N,Pass,-17.0,6,1,4,6.0,0,,0,0,0
BBB,2013J,614064,F,Wales,A Level or Equivalent,40-50%,35-55,0,60,N,Pass,-16.0,42,7,4,6.0,1,74.0,1,1,0
BBB,2013J,614068,F,Wales,Lower Than A Level,30-40%,0-35,0,60,N,Withdrawn,-16.0,72,7,14,10.285714285714286,1,64.0,0,1,1
BBB,2013J,614072,F,Wales,A Level or Equivalent,70-80%,0-35,0,60,N,Pass,-16.0,184,16,16,11.5,1,73.0,0,1,0
BBB,2013J,614148,F,North Western Region,HE Qualification,80-90%,35-55,0,60,N,Fail,2.0,37,5,10,7.4,1,58.0,0,1,1
BBB,2013J,614495,F,East Anglian Region,Post Graduate Qualification,90-100%,35-55,0,180,N,Distinction,4.0,127,6,17,21.166666666666668,1,84.0,0,1,0
BBB,2013J,614546,F,Yorkshire Region,A Level or Equivalent,70-80%,35-55,0,120,N,Distinction,-15.0,347,19,16,18.263157894736842,1,80.0,0,1,0
BBB,2013J,614556,F,Yorkshire Region,A Level or Equivalent,90-100%,0-35,0,120,N,Pass,-15.0,370,7,21,52.857142857142854,1,83.0,0,1,0
BBB,2013J,615127,F,East Midlands Region,HE Qualification,20-30%,35-55,0,120,N,Distinction,-12.0,228,15,12,15.2,1,90.0,0,1,0
BBB,2013J,615148,F,West Midlands Region,HE Qualification,60-70%,0-35,0,120,N,Withdrawn,-12.0,21,2,12,10.5,1,74.0,0,1,1
BBB,2013J,616342,M,Wales,A Level or Equivalent,40-50%,0-35,0,120,N,Pass,-11.0,184,15,16,12.266666666666667,1,85.0,0,1,0
BBB,2013J,616502,M,Yorkshire Region,A Level or Equivalent,80-90%,0-35,0,60,N,Fail,-10.0,0,0,0,0.0,0,,0,0,1
BBB,2013J,616735,F,East Midlands Region,A Level or Equivalent,40-50%,35-55,0,120,N,Pass,-9.0,97,6,8,16.166666666666668,1,77.0,0,1,0
BBB,2013J,617116,F,Wales,HE Qualification,30-40%,0-35,0,60,N,Pass,-5.0,122,6,22,20.333333333333332,1,85.0,0,1,0
BBB,2013J,617472,F,East Midlands Region,A Level or Equivalent,0-10%,0-35,0,120,N,Pass,-5.0,44,5,14,8.8,1,68.0,0,1,0
BBB,2013J,619082,F,Ireland,HE Qualification,70-80%,0-35,0,60,N,Pass,5.0,231,21,22,11.0,1,72.0,1,1,0
BBB,2013J,619941,F,East Anglian Region,HE Qualification,40-50%,35-55,0,60,N,Pass,5.0,733,15,33,48.86666666666667,1,85.0,0,1,0
BBB,2013J,1018682,F,South West Region,HE Qualification,40-50%,35-55,0,120,Y,Fail,-109.0,0,0,0,0.0,0,,0,0,1
BBB,2013J,1105438,F,East Midlands Region,A Level or Equivalent,40-50%,35-55,0,60,N,Pass,-174.0,46,3,9,15.333333333333334,1,74.0,0,1,0
BBB,2013J,1340766,F,South Region,A Level or Equivalent,60-70%,35-55,0,60,N,Distinction,-43.0,89,6,10,14.833333333333334,1,85.0,0,1,0
BBB,2013J,1399285,F,Wales,Lower Than A Level,70-80%,35-55,0,60,N,Pass,-36.0,192,13,24,14.76923076923077,1,79.0,0,1,0
BBB,2013J,1405594,F,North Western Region,Lower Than A Level,70-80%,35-55,0,120,N,Pass,-38.0,617,18,20,34.27777777777778,1,87.0,0,1,0
BBB,2013J,1411627,F,West Midlands Region,Lower Than A Level,0-10%,35-55,1,180,Y,Pass,-100.0,504,30,16,16.8,1,75.0,0,1,0
BBB,2013J,1413989,F,Scotland,HE Qualification,80-90%,35-55,3,75,N,Withdrawn,-114.0,2,2,1,1.0,0,,0,0,1
BBB,2013J,1421720,M,North Western Region,HE Qualification,0-10%,35-55,2,120,N,Pass,-178.0,142,10,29,14.2,1,85.0,0,1,0
BBB,2013J,1440341,M,Wales,Lower Than A Level,90-100%,35-55,0,60,N,Pass,-63.0,149,14,18,10.642857142857142,1,70.0,0,1,0
BBB,2013J,1467014,M,Wales,Lower Than A Level,70-80%,35-55,0,60,N,Pass,-16.0,177,19,11,9.31578947368421,1,75.0,0,1,0
BBB,2013J,1503056,F,South West Region,Lower Than A Level,40-50%,35-55,0,120,Y,Pass,-31.0,14,5,7,2.8,1,46.0,0,1,0
BBB,2013J,1521687,F,South Region,HE Qualification,70-80%,35-55,0,120,N,Fail,-31.0,34,5,8,6.8,1,82.0,0,1,1
BBB,2013J,1536774,F,West Midlands Region,Lower Than A Level,10-20,35-55,1,60,N,Pass,-74.0,565,24,20,23.541666666666668,1,68.0,0,1,0
BBB,2013J,1541133,F,Scotland,A Level or Equivalent,50-60%,35-55,0,150,Y,Fail,-80.0,269,20,12,13.45,1,87.0,0,1,1
BBB,2013J,1594621,F,South Region,Lower Than A Level,50-60%,55<=,0,60,N,Pass,-29.0,0,0,0,0.0,1,83.0,0,1,0
BBB,2013J,1624707,F,South Region,A Level or Equivalent,10-20,35-55,0,60,N,Distinction,-22.0,195,10,13,19.5,1,87.0,0,1,0
BBB,2013J,1627017,F,North Region,HE Qualification,40-50%,35-55,0,120,N,Pass,-22.0,168,11,11,15.272727272727273,1,70.0,0,1,0
BBB,2013J,1695710,F,East Anglian Region,A Level or Equivalent,90-100%,35-55,0,120,N,Pass,-101.0,256,8,31,32.0,1,67.0,0,1,0
BBB,2013J,1726951,F,Wales,A Level or Equivalent,90-100%,35-55,0,60,N,Distinction,-65.0,79,5,8,15.8,1,81.0,0,1,0
BBB,2013J,1731564,F,Ireland,Lower Than A Level,40-50%,35-55,0,60,N,Pass,2.0,184,19,22,9.68421052631579,1,86.0,0,1,0
BBB,2013J,1759851,F,East Midlands Region,Lower Than A Level,10-20,35-55,0,120,N,Withdrawn,-38.0,92,5,12,18.4,1,63.0,1,1,1
BBB,2013J,1771053,F,West Midlands Region,Lower Than A Level,80-90%,35-55,1,60,N,Withdrawn,-135.0,52,5,6,10.4,0,,0,0,1
BBB,2013J,1778145,F,South East Region,Lower Than A Level,60-70%,35-55,0,60,Y,Pass,-52.0,140,9,13,15.555555555555555,1,82.0,0,1,0
BBB,2013J,1781804,F,London Region,Lower Than A Level,10-20,35-55,0,60,N,Fail,-156.0,1,1,1,1.0,0,,0,0,1
BBB,2013J,1797168,F,South West Region,Lower Than A Level,40-50%,35-55,0,60,N,Pass,-144.0,12,3,3,4.0,1,57.0,1,1,0
BBB,2013J,1866742,F,South West Region,Lower Than A Level,40-50%,0-35,0,120,N,Withdrawn,-65.0,69,5,10,13.8,1,65.0,0,1,1
BBB,2013J,1886295,F,South Region,A Level or Equivalent,60-70%,35-55,1,60,N,Distinction,-95.0,87,12,8,7.25,1,83.0,0,1,0
BBB,2013J,1889565,F,South East Region,A Level or Equivalent,70-80%,35-55,0,60,N,Distinction,-29.0,131,9,11,14.555555555555555,1,82.0,1,1,0
BBB,2013J,1903677,F,West Midlands Region,Lower Than A Level,60-70%,35-55,1,60,N,Pass,-129.0,252,5,15,50.4,1,74.0,0,1,0
BBB,2013J,1910175,F,Scotland,A Level or Equivalent,80-90%,35-55,0,60,N,Pass,-66.0,193,7,22,27.571428571428573,1,81.0,0,1,0
BBB,2013J,1935487,F,West Midlands Region,Lower Than A Level,40-50%,35-55,0,60,N,Withdrawn,-10.0,81,6,13,13.5,1,75.0,0,1,1
BBB,2013J,1939695,F,Scotland,Lower Than A Level,30-40%,35-55,2,60,Y,Distinction,-52.0,107,9,17,11.88888888888889,1,75.0,0,1,0
BBB,2013J,1941248,F,East Anglian Region,A Level or Equivalent,80-90%,35-55,0,60,N,Distinction,-141.0,126,9,13,14.0,1,80.0,0,1,0
BBB,2013J,1946308,F,East Anglian Region,Lower Than A Level,70-80%,35-55,0,60,N,Pass,-57.0,171,13,15,13.153846153846153,1,69.0,0,1,0
BBB,2013J,1963287,F,West Midlands Region,No Formal quals,0-10%,0-35,0,60,N,Fail,-53.0,45,2,13,22.5,1,59.0,1,1,1
BBB,2013J,1990650,F,Scotland,Lower Than A Level,40-50%,0-35,3,120,N,Fail,-84.0,23,3,4,7.666666666666667,1,77.0,0,1,1
BBB,2013J,1993672,F,West Midlands Region,Lower Than A Level,0-10%,35-55,4,60,Y,Withdrawn,-51.0,51,1,12,51.0,0,,0,0,1
BBB,2013J,1998790,M,Wales,A Level or Equivalent,30-40%,35-55,0,60,N,Fail,-51.0,71,6,16,11.833333333333334,1,79.0,0,1,1
BBB,2013J,2001687,F,South Region,A Level or Equivalent,40-50%,35-55,0,60,Y,Pass,-29.0,99,17,11,5.823529411764706,1,75.0,0,1,0
BBB,2013J,2002046,F,South West Region,A Level or Equivalent,40-50%,35-55,0,120,N,Pass,-15.0,79,11,11,7.181818181818182,1,75.0,0,1,0
BBB,2013J,2006283,F,Scotland,Lower Than A Level,50-60%,35-55,0,60,N,Pass,-22.0,2,1,1,2.0,1,85.0,0,1,0
BBB,2013J,2023561,M,London Region,Lower Than A Level,30-40%,35-55,5,60,N,Withdrawn,-44.0,0,0,0,0.0,1,80.0,1,1,1
BBB,2013J,2029037,F,West Midlands Region,Lower Than A Level,0-10%,35-55,0,60,N,Pass,-171.0,320,10,12,32.0,1,68.0,0,1,0
BBB,2013J,2034300,F,London Region,Lower Than A Level,0-10%,35-55,1,60,N,Pass,-91.0,21,3,5,7.0,1,62.0,0,1,0
BBB,2013J,2044036,F,South West Region,Lower Than A Level,50-60%,35-55,2,60,N,Fail,-108.0,62,3,9,20.666666666666668,0,,0,0,1
BBB,2013J,2056947,F,North Western Region,Lower Than A Level,0-10%,0-35,0,60,N,Fail,-30.0,168,8,22,21.0,1,72.0,0,1,1
BBB,2013J,2061889,F,East Midlands Region,Lower Than A Level,60-70%,35-55,1,60,N,Pass,-45.0,0,0,0,0.0,0,,0,0,0
BBB,2013J,2062995,F,Scotland,HE Qualification,20-30%,35-55,0,60,N,Pass,-78.0,143,13,22,11.0,1,70.0,0,1,0
BBB,2013J,2072166,F,South Region,Lower Than A Level,0-10%,0-35,0,60,Y,Withdrawn,-63.0,71,7,14,10.142857142857142,1,62.0,0,1,1
BBB,2013J,2078479,F,Scotland,HE Qualification,20-30%,35-55,0,60,N,Distinction,-66.0,808,24,27,33.666666666666664,1,95.0,0,1,0
BBB,2013J,2078768,F,Wales,Lower Than A Level,0-10%,35-55,0,60,N,Pass,-30.0,139,9,14,15.444444444444445,1,67.0,0,1,0
BBB,2013J,2083576,M,Scotland,Lower Than A Level,40-50%,35-55,0,60,N,Pass,-32.0,88,7,14,12.571428571428571,1,72.0,0,1,0
BBB,2013J,2095379,M,South West Region,Lower Than A Level,70-80%,35-55,0,60,N,Pass,-28.0,21,1,7,21.0,1,96.0,0,1,0
BBB,2013J,2111015,F,Ireland,Lower Than A Level,70-80%,35-55,0,60,N,Pass,-22.0,168,19,10,8.842105263157896,1,62.0,0,1,0
BBB,2013J,2111666,F,North Western Region,Lower Than A Level,0-10%,35-55,0,60,N,Withdrawn,-9.0,84,6,19,14.0,1,77.0,1,1,1
BBB,2013J,2115711,M,Wales,Lower Than A Level,40-50%,35-55,0,120,N,Pass,-58.0,94,12,8,7.833333333333333,1,72.0,0,1,0
BBB,2013J,2128304,F,South East Region,A Level or Equivalent,60-70%,35-55,2,120,N,Pass,-67.0,89,7,10,12.714285714285714,1,83.0,0,1,0
BBB,2013J,2132966,F,Ireland,Lower Than A Level,50-60%,35-55,0,60,N,Pass,-28.0,172,7,4,24.571428571428573,1,85.0,0,1,0
BBB,2013J,2140444,F,Wales,A Level or Equivalent,50-60%,35-55,1,120,N,Fail,-53.0,368,20,15,18.4,1,75.0,0,1,1
BBB,2013J,2147687,F,South West Region,Lower Than A Level,30-40%,35-55,0,60,N,Fail,-148.0,209,7,12,29.857142857142858,1,78.0,0,1,1
BBB,2013J,2147929,F,West Midlands Region,A Level or Equivalent,20-30%,35-55,0,120,N,Pass,-106.0,41,6,11,6.833333333333333,1,73.0,0,1,0
BBB,2013J,2153026,F,Yorkshire Region,HE Qualification,0-10%,0-35,0,60,N,Withdrawn,-108.0,27,3,7,9.0,1,79.0,0,1,1
BBB,2013J,2160453,F,South Region,Lower Than A Level,30-40%,35-55,0,60,N,Pass,-195.0,117,14,18,8.357142857142858,1,86.0,0,1,0
BBB,2013J,2164944,F,South Region,Lower Than A Level,40-50%,35-55,0,60,N,Fail,-71.0,67,3,12,22.333333333333332,1,82.0,0,1,1
BBB,2013J,2174835,F,Yorkshire Region,A Level or Equivalent,60-70%,35-55,0,60,N,Pass,-63.0,23,3,11,7.666666666666667,1,80.0,0,1,0
BBB,2013J,2187146,F,South West Region,A Level or Equivalent,30-40%,35-55,0,120,N,Distinction,-45.0,266,20,12,13.3,1,72.0,0,1,0
BBB,2013J,2192113,M,Scotland,HE Qualification,40-50%,35-55,0,60,Y,Withdrawn,-31.0,159,9,16,17.666666666666668,0,,0,0,1
BBB,2013J,2196054,F,Scotland,A Level or Equivalent,60-70%,0-35,0,60,N,Pass,-53.0,520,23,12,22.608695652173914,1,61.0,0,1,0
BBB,2013J,2210666,F,London Region,No Formal quals,50-60%,0-35,0,60,N,Fail,-114.0,4,2,3,2.0,0,,0,0,1
BBB,2013J,2211448,F,London Region,Lower Than A Level,30-40%,0-35,1,120,N,Fail,-52.0,27,5,9,5.4,0,,0,0,1
BBB,2013J,2211630,F,East Anglian Region,A Level or Equivalent,50-60%,35-55,0,60,N,Withdrawn,-49.0,30,1,5,30.0,0,,0,0,1
BBB,2013J,2214631,M,Scotland,HE Qualification,60-70%,35-55,0,90,N,Pass,-4.0,96,9,24,10.666666666666666,1,80.0,0,1,0
BBB,2013J,2225190,M,South Region,Lower Than A Level,50-60%,0-35,0,60,N,Fail,-65.0,13,3,5,4.333333333333333,0,,0,0,1
BBB,2013J,2226301,F,Yorkshire Region,Lower Than A Level,70-80%,0-35,1,60,N,Pass,-43.0,51,10,7,5.1,1,63.0,0,1,0
BBB,2013J,2227004,F,London Region,A Level or Equivalent,90-100%,35-55,1,120,N,Withdrawn,-88.0,10,2,5,5.0,1,42.0,0,1,1
BBB,2013J,2229783,F,London Region,HE Qualification,0-10%,35-55,0,60,N,Fail,-35.0,140,7,49,20.0,1,68.0,0,1,1
BBB,2013J,2239140,F,South Region,A Level or Equivalent,30-40%,35-55,2,60,N,Fail,-167.0,204,14,21,14.571428571428571,1,65.0,0,1,1
BBB,2013J,2242290,F,North Western Region,HE Qualification,50-60%,35-55,1,60,N,Fail,-94.0,289,10,29,28.9,1,74.0,0,1,1
BBB,2013J,2262671,F,East Midlands Region,Lower Than A Level,40-50%,0-35,0,60,N,Fail,-74.0,42,1,13,42.0,0,,0,0,1
BBB,2013J,2266650,F,London Region,No Formal quals,20-30%,0-35,0,60,N,Fail,-28.0,104,8,19,13.0,1,60.0,0,1,1
BBB,2013J,2271644,M,South Region,A Level or Equivalent,40-50%,35-55,0,180,N,Pass,-10.0,72,9,9,8.0,1,65.0,0,1,0
BBB,2013J,2273256,F,South Region,Lower Than A Level,90-100%,35-55,0,180,Y,Withdrawn,-52.0,389,22,17,17.681818181818183,1,83.0,0,1,1
BBB,2013J,2280314,F,South Region,A Level or Equivalent,90-100%,0-35,0,60,N,Pass,-67.0,301,18,22,16.72222222222222,1,87.0,0,1,0
BBB,2013J,2282129,F,South West Region,Lower Than A Level,60-70%,0-35,1,60,N,Fail,-31.0,50,3,10,16.666666666666668,1,62.0,1,1,1
BBB,2013J,2284583,F,London Region,A Level or Equivalent,40-50%,0-35,0,180,N,Pass,-22.0,149,7,16,21.285714285714285,1,77.0,0,1,0
BBB,2013J,2294490,F,Scotland,HE Qualification,40-50%,0-35,1,180,N,Fail,-102.0,409,22,24,18.59090909090909,1,73.0,1,1,1
BBB,2013J,2299338,F,South East Region,A Level or Equivalent,60-70%,0-35,0,120,N,Distinction,-18.0,81,12,23,6.75,1,84.0,0,1,0
BBB,2013J,2318763,F,North Western Region,A Level or Equivalent,10-20,0-35,0,120,N,Fail,-149.0,452,21,33,21.523809523809526,0,,0,0,1
BBB,2013J,2320306,F,South East Region,Lower Than A Level,30-40%,35-55,0,60,N,Pass,-190.0,430,28,26,15.357142857142858,1,90.0,0,1,0
BBB,2013J,2334319,M,Scotland,Lower Than A Level,80-90%,0-35,0,60,N,Pass,-28.0,319,18,21,17.72222222222222,1,79.0,0,1,0
BBB,2013J,2338586,F,Yorkshire Region,Lower Than A Level,50-60%,35-55,0,120,N,Distinction,-22.0,24,2,5,12.0,1,77.0,0,1,0
BBB,2013J,2346025,F,Scotland,Lower Than A Level,50-60%,35-55,2,60,N,Fail,-71.0,0,0,0,0.0,1,39.0,0,1,1
BBB,2013J,2349825,F,East Anglian Region,A Level or Equivalent,40-50%,0-35,0,220,N,Withdrawn,-161.0,137,10,20,13.7,1,57.0,0,1,1
BBB,2013J,2356809,F,Ireland,A Level or Equivalent,50-60%,35-55,0,60,N,Distinction,5.0,163,13,22,12.538461538461538,1,86.0,0,1,0
BBB,2013J,2363875,F,Scotland,HE Qualification,50-60%,35-55,0,60,N,Pass,-53.0,78,7,18,11.142857142857142,1,74.0,0,1,0
BBB,2013J,2382253,F,West Midlands Region,A Level or Equivalent,40-50%,0-35,1,60,N,Fail,-143.0,68,8,22,8.5,1,87.0,0,1,1
BBB,2013J,2390117,M,South East Region,A Level or Equivalent,90-100%,0-35,0,60,N,Distinction,-83.0,126,10,20,12.6,1,80.0,0,1,0
BBB,2013J,2392824,F,South East Region,Lower Than A Level,50-60%,0-35,1,60,N,Pass,-60.0,95,6,8,15.833333333333334,1,90.0,0,1,0
BBB,2013J,2396786,F,Ireland,A Level or Equivalent,10-20,35-55,0,60,N,Fail,-4.0,153,9,14,17.0,1,92.0,0,1,1
BBB,2013J,2400851,F,Yorkshire Region,Lower Than A Level,30-40%,35-55,0,60,N,Pass,-31.0,43,5,7,8.6,1,70.0,0,1,0
BBB,2013J,2411595,F,East Anglian Region,Lower Than A Level,50-60%,35-55,0,60,Y,Pass,-24.0,340,13,24,26.153846153846153,1,67.0,0,1,0
BBB,2013J,2415414,F,Scotland,HE Qualification,20-30%,0-35,0,120,N,Distinction,-14.0,193,9,14,21.444444444444443,1,78.0,0,1,0
BBB,2013J,2416774,F,East Anglian Region,A Level or Equivalent,40-50%,35-55,0,120,N,Pass,-60.0,144,13,17,11.076923076923077,1,77.0,0,1,0
BBB,2013J,2420909,F,West Midlands Region,A Level or Equivalent,50-60%,0-35,0,60,N,Pass,-2.0,0,0,0,0.0,1,84.0,0,1,0
BBB,2013J,2421929,F,Yorkshire Region,Lower Than A Level,40-50%,0-35,1,195,N,Fail,1.0,83,8,12,10.375,1,76.0,1,1,1
BBB,2013J,2425156,F,East Anglian Region,HE Qualification,30-40%,35-55,0,180,N,Pass,-36.0,27,5,7,5.4,1,67.0,0,1,0
BBB,2013J,2444641,F,East Anglian Region,Lower Than A Level,50-60%,35-55,0,60,Y,Fail,-45.0,107,11,15,9.727272727272727,1,77.0,0,1,1
BBB,2013J,2451269,F,Scotland,Lower Than A Level,50-60%,0-35,0,180,N,Pass,-25.0,73,12,8,6.083333333333333,1,77.0,0,1,0
BBB,2013J,2452289,F,South East Region,Lower Than A Level,70-80%,35-55,0,60,N,Pass,-102.0,115,8,14,14.375,1,80.0,1,1,0
BBB,2013J,2453657,F,West Midlands Region,Lower Than A Level,10-20,0-35,0,60,N,Fail,-83.0,49,8,11,6.125,1,50.0,0,1,1
BBB,2013J,2455066,F,Yorkshire Region,HE Qualification,10-20,35-55,0,60,N,Pass,-16.0,516,16,24,32.25,1,75.0,0,1,0
BBB,2013J,2455578,F,South Region,A Level or Equivalent,60-70%,0-35,0,120,N,Pass,-4.0,121,5,28,24.2,1,65.0,0,1,0
BBB,2013J,2459051,F,North Western Region,Lower Than A Level,10-20,35-55,1,60,N,Fail,-60.0,0,0,0,0.0,0,,0,0,1
BBB,2013J,2460002,F,South Region,HE Qualification,60-70%,0-35,0,60,N,Fail,-30.0,1,1,1,1.0,1,66.0,0,1,1
BBB,2013J,2463213,F,East Anglian Region,Lower Than A Level,60-70%,35-55,0,90,N,Pass,-148.0,2290,28,19,81.78571428571429,1,85.0,0,1,0
BBB,2013J,2463950,F,London Region,A Level or Equivalent,60-70%,0-35,1,120,N,Pass,-144.0,72,6,14,12.0,1,73.0,0,1,0
BBB,2013J,2464683,F,East Midlands Region,A Level or Equivalent,20-30%,35-55,0,90,Y,Pass,-67.0,383,10,54,38.3,1,68.0,0,1,0
BBB,2013J,2465209,F,East Anglian Region,Lower Than A Level,30-40%,35-55,0,120,N,Withdrawn,-46.0,468,25,35,18.72,1,84.0,0,1,1
BBB,2013J,2468280,F,Wales,A Level or Equivalent,20-30%,0-35,0,60,N,Pass,-170.0,0,0,0,0.0,1,71.0,0,1,0
BBB,2013J,2468706,F,Scotland,HE Qualification,70-80%,35-55,0,75,N,Distinction,-32.0,160,8,21,20.0,1,93.0,0,1,0
BBB,2013J,2473780,F,Scotland,HE Qualification,20-30%,0-35,0,60,N,Distinction,-100.0,215,14,10,15.357142857142858,1,82.0,0,1,0
BBB,2013J,2509297,F,London Region,HE Qualification,0-10%,0-35,0,240,N,Withdrawn,-113.0,0,0,0,0.0,0,,0,0,1
BBB,2013J,2510414,M,London Region,Lower Than A Level,0-10%,35-55,0,60,N,Fail,-129.0,49,3,11,16.333333333333332,1,50.0,0,1,1
BBB,2013J,2512392,F,Wales,Lower Than A Level,90-100%,35-55,1,60,N,Pass,-67.0,15,2,5,7.5,0,,0,0,0
BBB,2013J,2514379,F,East Anglian Region,Lower Than A Level,70-80%,0-35,0,60,N,Fail,-60.0,21,5,4,4.2,1,73.0,0,1,1
BBB,2013J,2528352,F,West Midlands Region,Lower Than A Level,10-20,0-35,2,60,N,Fail,-128.0,45,8,15,5.625,1,61.0,1,1,1
BBB,2013J,2529306,F,London Region,No Formal quals,50-60%,0-35,1,60,N,Fail,-36.0,56,4,18,14.0,1,75.0,0,1,1
BBB,2013J,2532647,F,Scotland,Lower Than A Level,40-50%,0-35,0,60,N,Fail,-25.0,16,3,4,5.333333333333333,1,58.0,0,1,1
BBB,2013J,2539817,M,North Western Region,Lower Than A Level,0-10%,35-55,1,60,N,Withdrawn,-28.0,0,0,0,0.0,0,,0,0,1
BBB,2013J,2539858,M,South West Region,A Level or Equivalent,20-30%,35-55,0,180,N,Distinction,-31.0,864,26,30,33.23076923076923,1,90.0,0,1,0
BBB,2013J,2540724,M,South Region,HE Qualification,40-50%,35-55,1,180,N,Distinction,-65.0,253,14,36,18.071428571428573,1,67.0,0,1,0
BBB,2013J,2544448,F,Wales,Lower Than A Level,0-10%,0-35,0,60,N,Fail,-30.0,180,17,22,10.588235294117647,1,56.0,0,1,1
BBB,2013J,2545488,F,North Western Region,Lower Than A Level,20-30%,35-55,1,60,N,Withdrawn,-91.0,215,19,17,11.31578947368421,1,55.0,0,1,1
BBB,2013J,2550290,F,Wales,A Level or Equivalent,10-20,0-35,0,120,N,Fail,-58.0,134,7,4,19.142857142857142,1,75.0,0,1,1
BBB,2013J,2553890,F,East Midlands Region,Lower Than A Level,70-80%,0-35,0,60,N,Pass,-53.0,177,11,13,16.09090909090909,1,72.0,0,1,0
BBB,2013J,2557885,F,West Midlands Region,HE Qualification,60-70%,0-35,0,60,N,Withdrawn,-137.0,80,5,6,16.0,1,80.0,0,1,1
BBB,2013J,2564744,F,South West Region,Lower Than A Level,50-60%,35-55,0,60,N,Pass,-32.0,14,3,4,4.666666666666667,1,66.0,0,1,0
BBB,2013J,2567158,F,West Midlands Region,A Level or Equivalent,50-60%,35-55,0,180,N,Pass,-120.0,83,14,4,5.928571428571429,1,56.0,0,1,0
BBB,2013J,2573353,F,Yorkshire Region,Lower Than A Level,10-20,35-55,0,60,N,Fail,-74.0,150,17,16,8.823529411764707,1,47.0,0,1,1
BBB,2013J,2575994,F,West Midlands Region,A Level or Equivalent,0-10%,35-55,0,60,N,Fail,-116.0,11,2,7,5.5,1,77.0,0,1,1
BBB,2013J,2578802,F,Yorkshire Region,Lower Than A Level,60-70%,0-35,0,120,N,Pass,-18.0,62,6,11,10.333333333333334,1,64.0,0,1,0
BBB,2013J,2579673,F,South West Region,Lower Than A Level,0-10%,35-55,2,60,N,Fail,-11.0,0,0,0,0.0,1,51.0,0,1,1
BBB,2013J,2583791,F,London Region,Lower Than A Level,10-20,35-55,0,60,N,Fail,-121.0,45,7,13,6.428571428571429,1,55.0,0,1,1
BBB,2013J,2584834,F,East Anglian Region,Lower Than A Level,50-60%,35-55,1,60,Y,Pass,-60.0,152,10,15,15.2,1,66.0,0,1,0
BBB,2013J,2585937,F,Scotland,A Level or Equivalent,0-10%,0-35,1,165,Y,Pass,-80.0,103,9,7,11.444444444444445,1,67.0,0,1,0
BBB,2013J,2587329,F,Yorkshire Region,A Level or Equivalent,60-70%,35-55,0,120,N,Pass,-22.0,292,20,10,14.6,1,73.0,0,1,0
BBB,2013J,2588742,F,East Midlands Region,Lower Than A Level,90-100%,0-35,2,60,N,Pass,-71.0,59,9,7,6.555555555555555,1,74.0,0,1,0
BBB,2013J,2591421,F,London Region,A Level or Equivalent,10-20,35-55,1,90,N,Pass,-30.0,2,1,1,2.0,0,,0,0,0
BBB,2013J,2607641,M,Ireland,A Level or Equivalent,50-60%,0-35,0,60,N,Pass,-3.0,74,8,9,9.25,1,75.0,0,1,0
BBB,2013J,2617839,F,Wales,A Level or Equivalent,70-80%,0-35,0,60,N,Pass,-29.0,82,6,8,13.666666666666666,1,93.0,0,1,0
BBB,2013J,2619107,F,Scotland,A Level or Equivalent,60-70%,0-35,0,60,N,Distinction,-84.0,34,6,7,5.666666666666667,1,82.0,0,1,0
BBB,2013J,2620279,F,Scotland,Lower Than A Level,40-50%,35-55,0,60,N,Withdrawn,-30.0,33,3,5,11.0,1,82.0,0,1,1
BBB,2013J,2625315,F,Yorkshire Region,A Level or Equivalent,30-40%,0-35,0,60,N,Fail,-59.0,1768,17,19,104.0,1,58.0,0,1,1
BBB,2013J,2631545,F,East Anglian Region,A Level or Equivalent,60-70%,35-55,0,150,Y,Fail,-134.0,51,3,9,17.0,0,,0,0,1
BBB,2013J,2638377,M,South Region,A Level or Equivalent,30-40%,0-35,0,60,N,Pass,-56.0,246,18,19,13.666666666666666,1,78.0,0,1,0
BBB,2013J,2638818,F,South Region,A Level or Equivalent,60-70%,0-35,0,120,N,Distinction,-44.0,137,12,13,11.416666666666666,1,62.0,0,1,0
BBB,2013J,2642717,M,South East Region,Lower Than A Level,30-40%,35-55,0,120,N,Pass,-42.0,656,30,25,21.866666666666667,1,69.0,0,1,0
BBB,2013J,2650236,F,South East Region,Lower Than A Level,20-30%,0-35,1,60,N,Fail,-80.0,0,0,0,0.0,1,60.0,0,1,1
BBB,2013J,2656860,F,East Anglian Region,Lower Than A Level,30-40%,0-35,3,120,Y,Withdrawn,-28.0,167,17,6,9.823529411764707,1,60.0,0,1,1
BBB,2013J,2657960,F,North Western Region,Lower Than A Level,30-40%,0-35,0,60,N,Fail,-135.0,0,0,0,0.0,0,,0,0,1
BBB,2013J,2662716,F,East Anglian Region,Lower Than A Level,50-60%,0-35,0,60,N,Fail,-99.0,126,12,21,10.5,1,60.0,0,1,1
BBB,2013J,2664036,F,London Region,A Level or Equivalent,60-70%,0-35,0,120,N,Fail,-25.0,3,2,2,1.5,1,46.0,0,1,1
BBB,2013J,2680344,F,Scotland,HE Qualification,80-90%,35-55,0,60,N,Pass,-25.0,203,20,17,10.15,1,80.0,0,1,0
BBB,2013J,2680885,F,South Region,Lower Than A Level,50-60%,0-35,0,60,Y,Distinction,-141.0,33,4,6,8.25,1,83.0,0,1,0
BBB,2013J,2691100,F,Yorkshire Region,Lower Than A Level,0-10%,0-35,0,120,N,Pass,-141.0,177,12,19,14.75,1,61.0,0,1,0
BBB,2013J,2691566,F,North Region,Lower Than A Level,0-10%,0-35,0,60,N,Fail,-109.0,12,3,4,4.0,1,45.0,0,1,1
